Index,File,SizeCalc,nOpts,CandTimesMoved,TotalMoves,TimesMoved
0,random graphs/ratio_d3/r1.5k18n12/graph0.lgbin,2428,76,3,4,"[1, 0, 1, 1, 1, 1, 1, 1, 1, 1, 1, 1, 0, 1, 1, 1, 1, 1, 1, 1, 1, 1, 1, 1, 1, 1, 1, 1, 0, 1, 1, 1, 1, 1, 1, 1, 1, 1, 1, 1, 1, 1, 1, 1, 1, 1, 2, 3, 3, 3, 2, 3, 3, 2, 3, 2, 3, 3, 2, 2, 1, 2, 3, 2, 3, 1, 1, 2, 2, 1, 1, 2, 2, 2, 1, 1, 1, 1, 2, 1, 1, 0, 1, 2, 1, 1, 1, 1, 1, 1, 1, 1, 2, 1, 1, 1, 1, 1, 2, 1, 1, 0, 1, 1, 1, 1, 1, 1, 1, 1, 1, 1, 1, 1, 1, 0, 1, 0, 1, 1, 1, 1, 1, 1, 1, 1, 1, 1, 1, 1, 1, 0, 1, 2, 1, 1, 1, 1, 1, 2, 1, 2, 1, 1, 1, 1, 1, 1, 1, 1, 1, 1, 1, 1, 1, 1, 1, 1, 1, 1, 1, 1, 1, 1, 1, 1, 1, 1, 1, 1, 1, 1, 1, 1, 1, 1, 1, 1, 1, 1, 1, 1, 1, 1, 1, 1, 1, 1, 1, 1, 1, 1, 1, 1, 1, 1, 1, 1, 1, 1, 1]"
1,random graphs/ratio_d3/r1.5k18n12/graph1.lgbin,2428,19,4,5,"[0, 1, 1, 1, 1, 1, 1, 1, 1, 1, 1, 1, 1, 1, 0, 1, 1, 1, 1, 1, 1, 0, 1, 1, 1, 1, 1, 1, 1, 1, 1, 2, 2, 0, 1, 1, 1, 2, 2, 1, 2, 1, 1, 1, 1, 2, 2, 3, 3, 3, 2, 3, 1, 2, 2, 2, 3, 3, 3, 2, 2, 3, 3, 2, 2, 3, 3, 1, 3, 3, 3, 2, 2, 2, 2, 2, 2, 3, 2, 1, 2, 3, 2, 3, 3, 3, 2, 3, 3, 3, 3, 2, 3, 3, 1, 2, 2, 1, 1, 2, 2, 1, 2, 2, 2, 2, 2, 2, 2, 2, 2, 1, 2, 2, 2, 2, 2, 2, 2, 0, 3, 3, 2, 1, 3, 3, 1, 2, 0, 3, 2, 2, 2, 1, 2, 2, 2, 1, 1, 2, 1, 2, 1, 2, 1, 2, 2, 1, 1, 1, 2, 0, 1, 1, 1, 1, 1, 1, 1, 1, 1, 1, 1, 1, 1, 0, 1, 1, 1, 1, 0, 1, 1, 1, 1, 1, 1, 1, 1, 1, 1, 1, 1, 0, 1, 1, 1, 1, 1, 1, 1, 1, 1, 1, 1, 1, 1, 1, 1, 1, 1, 1, 1, 1, 1]"
2,random graphs/ratio_d3/r1.5k18n12/graph2.lgbin,2428,39,3,4,"[1, 1, 1, 0, 0, 1, 0, 1, 1, 1, 1, 1, 0, 1, 1, 1, 0, 1, 1, 1, 1, 1, 1, 0, 1, 1, 1, 1, 1, 1, 0, 1, 1, 0, 0, 1, 0, 1, 0, 1, 1, 1, 0, 1, 1, 1, 1, 0, 0, 1, 0, 1, 1, 0, 1, 2, 2, 2, 1, 2, 2, 2, 2, 2, 2, 1, 2, 2, 1, 2, 2, 1, 2, 2, 1, 2, 2, 1, 2, 1, 1, 1, 1, 1, 1, 1, 1, 1, 1, 1, 1, 1, 1, 1, 1, 1, 1, 1, 1, 1, 1, 1, 2, 2, 1, 2, 1, 1, 0, 2, 2, 1, 2, 2, 2, 3, 2, 2, 2, 2, 2, 3, 1, 2, 3, 2, 3, 2, 2, 3, 2, 2, 3, 3, 3, 2, 1, 2, 2, 2, 2, 1, 2, 3, 2, 2, 1, 1, 1, 1, 1, 1, 1, 1, 1, 1, 1, 1, 1, 1, 1, 1, 1, 1, 1, 1, 1, 1, 1, 0, 1, 0, 1, 1, 1, 1, 1, 1, 1, 1, 1, 1, 1, 1, 1, 1, 1, 1, 1, 1, 1, 1, 1, 1, 1, 1, 1, 1]"
3,random graphs/ratio_d3/r1.5k18n12/graph3.lgbin,2428,97,2,6,"[1, 1, 1, 0, 1, 0, 1, 1, 1, 1, 1, 0, 1, 1, 0, 1, 1, 1, 1, 1, 1, 1, 1, 1, 0, 1, 1, 0, 1, 1, 1, 2, 2, 2, 2, 1, 1, 1, 2, 2, 2, 2, 2, 2, 2, 1, 2, 2, 1, 2, 2, 1, 2, 1, 1, 2, 2, 2, 1, 1, 1, 1, 1, 1, 1, 1, 2, 2, 2, 1, 1, 0, 1, 1, 2, 1, 1, 1, 1, 1, 2, 1, 1, 2, 1, 2, 1, 1, 1, 2, 2, 2, 2, 2, 1, 2, 1, 2, 1, 1, 1, 1, 1, 1, 1, 0, 1, 0, 2, 1, 1, 0, 0, 1, 3, 2, 0, 1, 1, 1, 2, 1, 1, 0, 1, 1, 1, 1, 1, 1, 1, 1, 1, 1, 1, 0, 1, 2, 1, 1, 0, 1, 1, 1, 1, 1, 1, 1, 1, 3, 0, 2, 2, 2, 3, 3, 2, 1, 2, 3, 3, 1, 2, 1, 1, 2, 1, 1, 2, 1, 1, 2, 2, 2, 1, 2, 2, 2, 1, 1, 1, 2, 1, 1, 1, 0, 2, 1, 2, 1, 2, 1, 1, 1, 1, 1, 1, 1, 1, 1]"
4,random graphs/ratio_d3/r1.5k18n12/graph4.lgbin,2428,51,7,7,"[1, 1, 1, 1, 1, 1, 1, 1, 1, 1, 1, 1, 2, 1, 1, 2, 1, 2, 1, 2, 1, 1, 3, 1, 2, 3, 2, 2, 2, 1, 2, 3, 2, 1, 1, 0, 3, 2, 2, 3, 1, 2, 2, 1, 1, 2, 1, 1, 3, 3, 1, 3, 1, 0, 2, 2, 1, 4, 3, 1, 3, 1, 2, 3, 3, 0, 1, 3, 3, 2, 4, 5, 3, 3, 4, 3, 3, 3, 1, 5, 6, 3, 3, 3, 3, 2, 3, 3, 3, 3, 3, 1, 5, 5, 3, 3, 2, 3, 3, 3, 3, 3, 2, 2, 3, 2, 3, 3, 3, 2, 2, 2, 2, 2, 4, 3, 3, 3, 3, 2, 3, 3, 3, 3, 3, 3, 3, 2, 4, 3, 3, 3, 3, 3, 4, 2, 2, 4, 3, 3, 4, 3, 2, 3, 3, 3, 1, 2, 1, 1, 1, 1, 2, 1, 2, 1, 1, 2, 1, 1, 0, 1, 1, 1, 1, 0, 1, 1, 1, 1, 1, 1, 1, 1, 1, 1, 1, 1, 1, 1, 1, 0, 1, 1, 1, 1, 1, 1, 1, 1, 1, 1, 1, 1, 1, 1, 1, 1, 0, 1, 1, 1, 1, 1, 1]"
5,random graphs/ratio_d3/r1.5k18n12/graph5.lgbin,2428,46,5,9,"[1, 1, 0, 1, 0, 1, 1, 1, 1, 1, 1, 1, 0, 1, 1, 0, 1, 2, 1, 1, 1, 1, 1, 1, 2, 1, 2, 1, 1, 1, 1, 2, 3, 2, 2, 2, 3, 1, 2, 3, 2, 2, 3, 1, 3, 3, 3, 3, 1, 3, 2, 3, 3, 1, 2, 3, 3, 3, 3, 3, 1, 1, 2, 3, 3, 1, 1, 1, 1, 1, 1, 3, 0, 1, 3, 1, 1, 2, 2, 3, 2, 2, 3, 3, 2, 2, 3, 1, 1, 3, 1, 2, 2, 2, 1, 1, 1, 1, 2, 2, 2, 2, 1, 2, 3, 1, 3, 2, 3, 3, 2, 3, 2, 3, 3, 1, 1, 3, 3, 2, 3, 4, 3, 2, 3, 3, 2, 3, 3, 2, 3, 3, 2, 2, 2, 2, 2, 2, 1, 2, 1, 2, 2, 3, 2, 2, 4, 3, 3, 4, 2, 2, 4, 2, 2, 4, 3, 5, 5, 4, 4, 3, 5, 5, 4, 5, 4, 3, 3, 3, 5, 5, 4, 2, 5, 3, 5, 4, 5, 4, 3, 4, 2, 3, 3, 2, 3, 4, 3, 4, 2, 2, 3, 2, 3, 1, 2, 0, 2, 1]"
6,random graphs/ratio_d3/r1.5k18n12/graph6.lgbin,2428,89,4,5,"[1, 1, 0, 1, 1, 1, 1, 1, 1, 1, 1, 2, 1, 1, 0, 2, 2, 1, 2, 2, 2, 2, 1, 2, 2, 2, 2, 2, 2, 1, 1, 2, 2, 1, 1, 1, 1, 1, 2, 1, 1, 1, 1, 1, 2, 0, 1, 1, 1, 1, 1, 1, 1, 1, 0, 1, 0, 1, 0, 2, 1, 1, 1, 1, 0, 1, 1, 2, 1, 2, 2, 2, 0, 2, 1, 1, 1, 2, 1, 0, 2, 2, 2, 1, 2, 2, 1, 1, 2, 1, 1, 1, 1, 1, 1, 1, 1, 1, 1, 1, 1, 1, 1, 1, 1, 2, 2, 2, 1, 1, 1, 2, 1, 1, 1, 2, 2, 3, 1, 2, 1, 2, 2, 2, 1, 3, 1, 2, 3, 1, 3, 2, 2, 2, 3, 2, 3, 3, 2, 1, 2, 2, 2, 2, 2, 2, 2, 2, 2, 2, 2, 2, 1, 1, 2, 2, 2, 2, 2, 2, 2, 2, 2, 2, 2, 2, 2, 2, 2, 2, 2, 2, 2, 2, 1, 1, 1, 2, 2, 2, 2, 2, 2, 2, 1, 2, 2, 2, 2, 2, 2, 2, 2, 2, 2, 2, 2, 1, 1, 2, 2, 1, 2]"
7,random graphs/ratio_d3/r1.5k18n12/graph7.lgbin,2428,58,4,7,"[1, 1, 1, 1, 1, 1, 1, 1, 1, 1, 1, 1, 1, 1, 1, 1, 1, 1, 1, 1, 1, 1, 1, 1, 1, 1, 1, 1, 1, 3, 2, 2, 2, 2, 2, 2, 2, 2, 2, 2, 2, 2, 2, 2, 2, 2, 2, 2, 2, 2, 1, 1, 2, 2, 2, 2, 2, 1, 2, 1, 1, 2, 2, 3, 3, 2, 1, 3, 2, 3, 2, 2, 3, 3, 2, 2, 2, 1, 4, 1, 4, 2, 3, 2, 1, 2, 3, 2, 3, 3, 2, 2, 2, 2, 3, 2, 2, 3, 2, 1, 2, 1, 2, 2, 3, 2, 1, 3, 1, 2, 2, 1, 2, 3, 1, 2, 1, 3, 1, 3, 1, 1, 1, 3, 2, 2, 2, 1, 1, 2, 2, 2, 2, 1, 1, 2, 2, 2, 2, 2, 2, 1, 1, 2, 1, 0, 1, 1, 0, 1, 1, 2, 1, 1, 1, 1, 1, 1, 1, 1, 1, 1, 1, 1, 1, 1, 1, 0, 1, 1, 1, 0, 1, 1, 1, 1, 1, 1, 1, 1, 1, 1, 1, 1, 1, 1, 1, 1, 1, 1, 1, 1, 1, 1, 1, 1, 1, 1, 1, 1, 1]"
8,random graphs/ratio_d3/r1.5k18n12/graph8.lgbin,2428,182,3,6,"[0, 1, 1, 0, 0, 0, 0, 1, 0, 0, 2, 2, 1, 2, 1, 1, 1, 1, 2, 1, 1, 2, 1, 2, 1, 1, 1, 1, 1, 2, 2, 2, 2, 2, 2, 2, 2, 1, 2, 2, 1, 1, 2, 2, 3, 3, 2, 3, 3, 3, 2, 2, 2, 3, 3, 3, 3, 4, 3, 2, 3, 3, 3, 3, 3, 3, 3, 3, 4, 1, 2, 1, 2, 3, 1, 3, 1, 3, 3, 2, 1, 2, 1, 2, 0, 2, 2, 2, 1, 1, 1, 2, 1, 1, 2, 0, 1, 0, 2, 1, 1, 2, 0, 0, 2, 2, 3, 2, 2, 3, 3, 2, 2, 2, 3, 2, 3, 1, 4, 2, 1, 4, 1, 2, 0, 2, 2, 1, 2, 1, 0, 2, 1, 1, 1, 1, 2, 1, 1, 1, 1, 2, 1, 1, 1, 1, 1, 1, 2, 1, 1, 1, 1, 1, 1, 1, 1, 1, 0, 0, 1, 0, 1, 1, 1, 1, 1, 1, 1, 1, 0, 1, 0, 1, 1, 1, 1, 1, 1, 1, 1, 1, 1, 1, 1, 1, 1, 1, 1, 1, 1, 1, 1, 1, 1, 1, 1, 1, 1, 1, 1, 1, 1]"
9,random graphs/ratio_d3/r1.5k18n12/graph9.lgbin,2428,174,4,5,"[1, 1, 1, 1, 0, 1, 1, 1, 1, 1, 1, 1, 1, 1, 1, 1, 1, 1, 1, 1, 1, 1, 1, 1, 1, 1, 1, 1, 1, 1, 1, 1, 1, 1, 1, 1, 1, 1, 1, 1, 1, 1, 1, 1, 1, 1, 1, 1, 1, 1, 1, 0, 1, 1, 1, 1, 1, 1, 0, 1, 1, 2, 1, 1, 2, 1, 2, 1, 2, 2, 1, 1, 1, 1, 1, 1, 0, 1, 1, 1, 0, 1, 0, 1, 1, 1, 1, 1, 1, 1, 1, 1, 1, 2, 2, 2, 2, 2, 2, 2, 2, 2, 2, 2, 3, 2, 2, 2, 2, 2, 2, 3, 1, 3, 3, 3, 4, 3, 3, 3, 4, 3, 3, 2, 3, 3, 3, 3, 3, 3, 2, 2, 3, 3, 3, 3, 3, 3, 3, 3, 3, 2, 3, 2, 3, 3, 2, 2, 2, 2, 2, 3, 2, 3, 3, 3, 2, 1, 2, 3, 2, 2, 2, 2, 3, 3, 2, 2, 3, 3, 3, 2, 1, 1, 3, 2, 3, 2, 1, 2, 1, 1, 1, 1, 2, 1, 1, 1, 1, 1, 1, 1, 1, 1, 1, 1, 1, 1, 1, 1, 1]"
10,random graphs/ratio_d3/r1.5k18n12/graph10.lgbin,2428,55,4,5,"[1, 1, 1, 1, 1, 1, 1, 1, 1, 0, 1, 1, 1, 1, 1, 1, 1, 0, 1, 1, 1, 1, 2, 1, 2, 2, 2, 2, 2, 1, 2, 1, 2, 1, 2, 1, 2, 2, 2, 1, 2, 1, 2, 1, 2, 1, 2, 0, 2, 2, 1, 1, 2, 2, 1, 1, 1, 1, 1, 1, 1, 2, 2, 2, 1, 2, 2, 1, 2, 2, 1, 1, 3, 2, 2, 2, 3, 2, 2, 2, 1, 2, 1, 2, 3, 2, 3, 2, 2, 2, 2, 2, 3, 2, 2, 2, 2, 2, 2, 2, 2, 2, 2, 2, 1, 3, 2, 1, 1, 1, 1, 2, 2, 1, 1, 1, 1, 2, 1, 2, 2, 2, 2, 2, 1, 2, 1, 2, 2, 3, 3, 2, 3, 3, 2, 1, 2, 3, 1, 2, 2, 1, 1, 1, 1, 2, 1, 2, 1, 2, 2, 2, 2, 1, 2, 2, 1, 2, 2, 0, 0, 2, 2, 2, 2, 2, 2, 1, 2, 2, 2, 2, 2, 2, 2, 1, 2, 2, 1, 2, 2, 1, 2, 2, 2, 2, 2, 1, 1, 2, 2, 1, 2, 1, 1, 1, 1, 1, 1, 1, 1, 1, 1, 1, 1, 1, 1, 1]"
11,random graphs/ratio_d3/r1.5k18n12/graph11.lgbin,2428,40,4,6,"[0, 1, 1, 1, 0, 1, 1, 1, 1, 1, 1, 1, 1, 1, 1, 1, 0, 1, 1, 1, 1, 1, 0, 1, 1, 1, 1, 1, 1, 1, 1, 0, 1, 2, 1, 1, 1, 1, 1, 2, 0, 1, 1, 2, 3, 1, 1, 2, 1, 0, 2, 1, 2, 2, 1, 2, 2, 2, 1, 2, 3, 2, 2, 2, 2, 2, 1, 2, 3, 1, 2, 2, 1, 2, 2, 2, 2, 3, 2, 1, 1, 1, 1, 1, 1, 2, 1, 2, 2, 0, 1, 2, 1, 1, 1, 1, 1, 1, 2, 2, 2, 1, 1, 2, 3, 2, 3, 3, 2, 1, 2, 1, 3, 2, 1, 2, 1, 2, 2, 2, 2, 2, 2, 2, 2, 2, 2, 2, 1, 2, 2, 1, 2, 2, 0, 2, 2, 1, 1, 2, 2, 1, 2, 2, 2, 2, 2, 2, 2, 2, 2, 1, 1, 1, 1, 1, 2, 2, 1, 1, 1, 2, 2, 2, 2, 2, 2, 2, 1, 2, 2, 1, 1, 2, 2, 2, 2, 2, 2, 2, 1, 2, 2, 1, 1, 2, 3, 2, 0, 3, 2, 1, 1, 0, 1, 2, 2, 2, 1, 1, 1, 1, 1, 1, 1, 1, 0, 1]"
12,random graphs/ratio_d3/r1.5k18n12/graph12.lgbin,2428,108,3,7,"[1, 1, 1, 1, 0, 1, 1, 0, 1, 0, 2, 1, 1, 2, 2, 1, 2, 2, 1, 1, 2, 1, 2, 1, 1, 2, 2, 2, 1, 1, 2, 1, 2, 1, 1, 0, 1, 1, 1, 1, 2, 1, 1, 1, 2, 1, 0, 1, 1, 0, 1, 1, 2, 1, 1, 1, 1, 2, 1, 1, 1, 1, 1, 1, 1, 0, 1, 0, 2, 3, 2, 1, 1, 1, 3, 2, 2, 2, 2, 1, 2, 2, 2, 2, 1, 1, 2, 2, 2, 2, 2, 1, 1, 2, 2, 1, 1, 1, 2, 1, 1, 2, 1, 1, 1, 1, 2, 1, 1, 1, 1, 2, 1, 1, 1, 1, 2, 2, 2, 2, 2, 1, 2, 2, 2, 1, 2, 1, 3, 3, 2, 2, 1, 3, 2, 1, 2, 2, 2, 1, 2, 3, 3, 2, 3, 1, 3, 3, 3, 3, 3, 2, 3, 2, 3, 3, 3, 3, 3, 3, 3, 3, 3, 3, 3, 2, 3, 2, 3, 3, 3, 3, 3, 3, 3, 3, 2, 3, 3, 3, 3, 2, 2, 2, 1, 2, 2, 2, 2, 2, 2, 2, 2, 1, 2, 2, 0, 1, 1, 2, 1, 1, 1, 1, 1]"
13,random graphs/ratio_d3/r1.5k18n12/graph13.lgbin,2428,47,4,4,"[1, 1, 1, 0, 1, 1, 1, 1, 1, 1, 1, 1, 1, 1, 1, 1, 0, 1, 1, 1, 1, 1, 1, 1, 1, 1, 1, 2, 2, 1, 1, 1, 1, 2, 2, 2, 2, 2, 2, 2, 2, 2, 2, 2, 1, 1, 2, 2, 2, 2, 2, 2, 2, 2, 2, 2, 1, 2, 2, 2, 2, 1, 2, 1, 1, 2, 2, 0, 1, 0, 1, 1, 0, 0, 1, 1, 1, 0, 0, 2, 0, 1, 1, 2, 1, 2, 1, 2, 1, 1, 1, 1, 0, 1, 1, 1, 2, 1, 1, 1, 2, 1, 1, 1, 1, 1, 1, 1, 1, 1, 1, 1, 1, 1, 0, 1, 1, 1, 1, 1, 1, 1, 1, 2, 1, 1, 1, 1, 1, 0, 1, 1, 1, 1, 1, 1, 2, 2, 1, 2, 2, 2, 2, 2, 2, 2, 2, 2, 2, 2, 2, 2, 1, 2, 1, 2, 1, 2, 2, 2, 2, 2, 2, 2, 2, 1, 2, 2, 2, 1, 1, 1, 1, 1, 1, 1, 1, 1, 1, 1, 1, 1, 1, 1, 1, 1, 1, 1, 1, 1, 1, 1, 1, 1, 1, 1, 1, 1, 1, 1, 1]"
14,random graphs/ratio_d3/r1.5k18n12/graph14.lgbin,2428,30,3,5,"[1, 1, 1, 0, 1, 1, 0, 1, 0, 0, 1, 0, 1, 0, 1, 1, 1, 0, 1, 1, 1, 1, 1, 1, 1, 1, 0, 1, 0, 1, 0, 0, 1, 1, 1, 1, 2, 1, 1, 2, 1, 0, 0, 1, 0, 1, 2, 1, 1, 2, 1, 1, 2, 1, 1, 1, 1, 1, 1, 1, 1, 1, 1, 1, 1, 1, 1, 1, 2, 1, 0, 1, 1, 0, 1, 1, 1, 1, 2, 1, 1, 1, 1, 1, 1, 0, 1, 1, 1, 1, 2, 1, 1, 1, 1, 1, 1, 1, 1, 1, 1, 1, 1, 1, 1, 1, 1, 1, 1, 1, 1, 1, 1, 1, 1, 3, 2, 3, 3, 2, 3, 2, 0, 2, 1, 2, 2, 3, 2, 2, 3, 3, 3, 3, 2, 3, 2, 2, 1, 2, 2, 2, 1, 1, 2, 2, 2, 2, 2, 2, 2, 2, 2, 2, 2, 2, 1, 2, 2, 2, 2, 2, 2, 2, 2, 2, 1, 2, 2, 2, 2, 1, 2, 2, 2, 2, 2, 2, 2, 2, 2, 2, 2, 2, 2, 1, 1, 2, 2, 2, 2, 2, 2, 2, 2, 1, 1, 1, 1, 1, 1, 1, 1, 1, 0, 2, 1]"
15,random graphs/ratio_d3/r1.5k18n12/graph15.lgbin,2428,7,3,4,"[1, 1, 1, 1, 1, 1, 1, 0, 1, 1, 2, 1, 1, 2, 2, 2, 1, 2, 2, 2, 2, 2, 2, 2, 2, 2, 1, 2, 2, 1, 2, 2, 1, 0, 2, 2, 2, 1, 2, 2, 1, 2, 2, 2, 1, 0, 1, 1, 1, 1, 1, 1, 0, 1, 1, 1, 1, 1, 3, 1, 2, 2, 3, 0, 0, 3, 1, 2, 3, 1, 2, 1, 1, 3, 2, 3, 3, 3, 1, 0, 1, 2, 2, 2, 1, 2, 1, 2, 1, 1, 1, 1, 1, 1, 1, 1, 1, 1, 1, 1, 1, 1, 1, 1, 1, 1, 2, 1, 1, 0, 1, 2, 0, 1, 0, 2, 2, 2, 2, 2, 2, 1, 2, 2, 2, 1, 2, 1, 2, 2, 1, 2, 2, 1, 1, 1, 2, 2, 2, 2, 1, 2, 2, 2, 2, 1, 2, 1, 0, 1, 1, 1, 1, 1, 1, 1, 1, 1, 1, 1, 1, 1, 1, 1, 1, 1, 1, 1, 0, 1, 1, 1, 1, 1, 1, 1, 1, 1, 1, 0, 1, 1, 1, 1, 0, 0, 1, 1, 1, 0, 1, 1, 1, 1, 1, 1, 1, 1, 0, 0, 1, 1]"
16,random graphs/ratio_d3/r1.5k18n12/graph16.lgbin,2428,133,3,7,"[1, 1, 1, 2, 1, 1, 1, 1, 0, 1, 2, 2, 2, 1, 1, 2, 1, 1, 2, 2, 1, 2, 1, 1, 1, 1, 1, 1, 1, 1, 1, 1, 1, 1, 0, 1, 1, 0, 1, 1, 1, 1, 1, 1, 1, 1, 2, 1, 1, 1, 1, 1, 1, 1, 1, 1, 1, 2, 1, 1, 1, 1, 1, 1, 2, 1, 1, 1, 0, 1, 2, 1, 1, 1, 1, 2, 3, 1, 1, 2, 3, 3, 3, 2, 2, 1, 2, 3, 2, 1, 0, 1, 1, 2, 2, 1, 1, 1, 1, 0, 1, 2, 2, 1, 2, 1, 2, 2, 2, 2, 4, 4, 1, 2, 2, 2, 3, 4, 2, 2, 2, 3, 2, 1, 0, 3, 2, 2, 3, 2, 3, 3, 3, 2, 3, 4, 2, 2, 1, 3, 2, 3, 3, 1, 1, 1, 3, 3, 2, 2, 3, 2, 4, 1, 2, 2, 3, 2, 2, 3, 2, 1, 1, 1, 1, 1, 1, 1, 1, 1, 1, 1, 0, 1, 2, 1, 1, 1, 1, 1, 1, 2, 1, 1, 1, 1, 2, 2, 1, 2, 2, 2, 1, 2, 1, 1, 0, 0, 1, 0, 1, 1, 0, 0, 1, 1]"
17,random graphs/ratio_d3/r1.5k18n12/graph17.lgbin,2428,58,6,9,"[2, 2, 1, 2, 1, 1, 2, 2, 1, 2, 2, 2, 1, 1, 2, 3, 2, 2, 3, 2, 1, 2, 2, 2, 2, 2, 2, 2, 2, 1, 2, 2, 3, 2, 2, 2, 3, 4, 1, 2, 2, 2, 3, 3, 3, 4, 3, 3, 2, 3, 2, 3, 3, 3, 4, 3, 4, 3, 3, 3, 3, 3, 3, 4, 3, 3, 2, 2, 2, 4, 2, 2, 2, 4, 3, 2, 2, 4, 2, 2, 2, 2, 1, 2, 2, 2, 2, 2, 2, 2, 3, 2, 2, 2, 3, 3, 3, 3, 3, 2, 3, 3, 3, 2, 4, 3, 3, 3, 2, 2, 3, 1, 3, 3, 2, 2, 1, 2, 3, 3, 2, 2, 3, 3, 2, 2, 2, 2, 2, 2, 2, 2, 2, 2, 2, 4, 2, 3, 3, 3, 2, 2, 2, 2, 3, 3, 4, 4, 3, 3, 3, 3, 3, 3, 3, 3, 4, 3, 3, 1, 2, 3, 2, 2, 2, 2, 2, 3, 2, 2, 2, 1, 3, 1, 0, 2, 2, 0, 2, 1, 1, 2, 0, 1, 2, 2, 1, 3, 1, 3, 2, 1, 2, 0, 1, 0, 0, 1, 1, 0, 1, 0, 1, 0]"
18,random graphs/ratio_d3/r1.5k18n12/graph18.lgbin,2428,55,3,6,"[1, 1, 1, 1, 1, 1, 1, 1, 1, 0, 1, 1, 1, 0, 1, 1, 1, 1, 1, 1, 1, 1, 1, 1, 1, 1, 1, 1, 1, 0, 1, 2, 1, 1, 1, 1, 1, 1, 1, 1, 1, 1, 1, 1, 1, 2, 0, 1, 1, 2, 1, 2, 1, 1, 1, 2, 1, 0, 1, 2, 1, 1, 1, 1, 2, 1, 1, 1, 1, 1, 1, 2, 1, 1, 1, 1, 2, 1, 2, 2, 3, 2, 2, 2, 3, 2, 2, 3, 2, 2, 2, 2, 3, 1, 2, 2, 2, 2, 3, 3, 2, 3, 3, 2, 3, 3, 1, 2, 1, 3, 3, 1, 1, 1, 1, 2, 2, 2, 3, 1, 3, 1, 2, 2, 3, 3, 2, 2, 1, 2, 2, 2, 2, 2, 2, 2, 2, 1, 3, 2, 1, 1, 3, 3, 1, 3, 3, 2, 3, 4, 2, 3, 2, 2, 2, 2, 3, 1, 1, 2, 3, 1, 1, 2, 2, 2, 2, 2, 2, 1, 2, 1, 3, 1, 0, 1, 1, 1, 1, 1, 0, 0, 1, 1, 1, 1, 1, 0, 1, 1, 1, 1, 1, 0, 1, 0, 0, 0, 1, 1, 1, 1, 1, 1, 1, 0]"
19,random graphs/ratio_d3/r1.5k18n12/graph19.lgbin,2428,25,3,6,"[1, 1, 1, 1, 1, 1, 1, 0, 1, 1, 0, 1, 1, 1, 1, 1, 1, 1, 1, 0, 1, 0, 1, 1, 1, 1, 1, 0, 1, 1, 1, 0, 1, 1, 1, 0, 1, 1, 1, 1, 2, 1, 1, 2, 1, 2, 2, 2, 1, 2, 2, 2, 2, 1, 1, 1, 4, 3, 3, 3, 3, 3, 3, 3, 4, 3, 3, 3, 4, 4, 4, 3, 4, 4, 4, 4, 3, 4, 3, 4, 4, 3, 1, 3, 3, 4, 4, 4, 3, 4, 3, 2, 3, 2, 3, 3, 1, 2, 2, 3, 2, 2, 1, 2, 2, 1, 2, 2, 2, 2, 2, 2, 2, 2, 2, 1, 1, 2, 1, 1, 1, 1, 2, 3, 1, 2, 2, 2, 1, 2, 2, 2, 1, 1, 3, 3, 2, 1, 1, 2, 1, 1, 2, 2, 2, 2, 1, 2, 1, 0, 0, 1, 1, 1, 1, 1, 1, 1, 1, 1, 1, 1, 2, 1, 1, 1, 1, 1, 2, 1, 1, 1, 1, 1, 1, 0, 1, 1, 2, 2, 1, 2, 1, 1, 1, 1, 1, 1, 1, 1, 1, 1, 1, 1, 1, 1, 1, 1, 1, 1, 1, 1, 1, 1, 1, 1]"
20,random graphs/ratio_d3/r1.5k18n12/graph20.lgbin,2428,27,4,4,"[0, 1, 0, 1, 1, 1, 1, 1, 0, 1, 1, 1, 1, 1, 1, 0, 1, 1, 1, 1, 0, 1, 1, 1, 1, 1, 1, 1, 1, 1, 1, 1, 1, 1, 1, 2, 1, 2, 1, 1, 1, 2, 1, 1, 1, 1, 2, 1, 2, 1, 2, 1, 1, 2, 1, 2, 2, 2, 1, 2, 1, 1, 1, 1, 1, 1, 2, 0, 1, 2, 1, 2, 1, 1, 1, 1, 1, 2, 2, 1, 1, 1, 1, 1, 1, 1, 2, 2, 1, 1, 0, 0, 1, 1, 1, 1, 1, 1, 1, 1, 1, 1, 1, 0, 1, 1, 1, 1, 1, 1, 1, 1, 1, 1, 1, 1, 2, 1, 2, 2, 1, 1, 2, 0, 2, 2, 1, 1, 1, 0, 0, 1, 0, 1, 1, 1, 1, 0, 2, 2, 0, 1, 0, 2, 1, 1, 1, 1, 1, 0, 0, 1, 2, 1, 0, 1, 1, 0, 1, 1, 2, 2, 2, 2, 2, 1, 2, 1, 2, 1, 1, 1, 2, 0, 2, 1, 2, 1, 2, 2, 0, 1, 2, 1, 1, 1, 1, 1, 1, 0, 0, 1, 1, 1, 1, 1, 1, 1, 1, 1, 1, 1, 1, 1, 1, 1]"
21,random graphs/ratio_d3/r1.5k18n12/graph21.lgbin,2428,34,3,4,"[1, 1, 1, 1, 1, 1, 1, 1, 1, 1, 1, 1, 1, 1, 1, 1, 2, 1, 1, 1, 1, 1, 1, 1, 2, 2, 2, 1, 2, 1, 2, 1, 2, 2, 1, 0, 2, 2, 1, 2, 1, 2, 2, 1, 1, 1, 1, 2, 1, 2, 1, 2, 2, 2, 1, 2, 1, 1, 1, 0, 1, 1, 1, 1, 1, 1, 1, 1, 1, 1, 1, 1, 1, 1, 1, 1, 0, 1, 1, 1, 2, 1, 1, 1, 1, 1, 1, 2, 1, 1, 1, 1, 2, 1, 1, 2, 1, 1, 1, 2, 2, 1, 1, 0, 1, 0, 1, 0, 1, 1, 0, 0, 1, 2, 1, 1, 0, 1, 0, 1, 1, 0, 1, 2, 0, 2, 1, 0, 0, 1, 0, 1, 1, 2, 1, 2, 1, 2, 2, 1, 2, 2, 2, 2, 2, 2, 2, 2, 2, 2, 2, 2, 2, 2, 2, 2, 2, 2, 2, 2, 2, 2, 0, 2, 1, 1, 0, 2, 2, 1, 0, 1, 1, 1, 0, 1, 1, 1, 1, 1, 1, 1, 1, 1, 1, 1, 1, 1, 1, 1, 1, 1, 1, 1, 0, 1, 0, 1, 1, 1, 0]"
22,random graphs/ratio_d3/r1.5k18n12/graph22.lgbin,2428,102,2,6,"[2, 1, 1, 1, 1, 1, 1, 1, 1, 1, 1, 1, 1, 0, 1, 1, 1, 1, 2, 1, 2, 1, 0, 2, 2, 1, 1, 1, 2, 2, 2, 1, 2, 1, 2, 2, 1, 2, 2, 1, 2, 2, 2, 1, 1, 2, 2, 1, 1, 2, 2, 2, 2, 1, 1, 2, 0, 1, 1, 1, 1, 2, 2, 2, 1, 2, 1, 4, 0, 1, 1, 2, 1, 1, 1, 1, 0, 1, 1, 3, 3, 2, 3, 1, 3, 2, 2, 2, 3, 2, 1, 1, 2, 2, 1, 3, 1, 3, 2, 1, 1, 2, 2, 2, 1, 1, 1, 1, 1, 2, 1, 2, 2, 1, 1, 2, 2, 1, 2, 2, 2, 1, 2, 2, 0, 1, 1, 0, 1, 1, 1, 1, 1, 1, 1, 1, 2, 2, 2, 2, 2, 1, 2, 2, 1, 2, 2, 1, 2, 2, 2, 2, 2, 2, 1, 2, 2, 2, 2, 1, 1, 1, 1, 1, 1, 1, 1, 1, 1, 1, 1, 1, 1, 1, 1, 1, 1, 1, 0, 1, 1, 1, 1, 1, 1, 1, 1, 1, 1, 1, 1, 1, 1, 0, 1, 1, 1, 1, 0, 1, 1, 0]"
23,random graphs/ratio_d3/r1.5k18n12/graph23.lgbin,2428,30,5,5,"[1, 1, 1, 0, 1, 1, 1, 1, 1, 0, 1, 1, 1, 1, 1, 1, 1, 1, 1, 1, 1, 1, 0, 1, 1, 1, 1, 1, 0, 1, 1, 1, 2, 1, 1, 2, 0, 2, 1, 1, 1, 1, 1, 2, 2, 2, 2, 2, 2, 2, 2, 1, 2, 2, 2, 1, 2, 2, 2, 2, 2, 1, 2, 1, 2, 2, 1, 1, 2, 1, 1, 1, 1, 1, 2, 1, 1, 1, 2, 1, 1, 1, 1, 1, 1, 1, 1, 1, 1, 1, 2, 2, 1, 2, 1, 2, 1, 1, 1, 1, 2, 1, 2, 1, 2, 1, 2, 2, 1, 2, 1, 1, 1, 2, 3, 2, 2, 1, 2, 2, 3, 2, 2, 2, 2, 1, 1, 2, 2, 2, 0, 2, 2, 1, 2, 1, 2, 2, 2, 1, 2, 2, 2, 2, 1, 2, 1, 2, 2, 2, 2, 0, 1, 1, 1, 2, 1, 1, 1, 1, 2, 2, 2, 2, 2, 2, 2, 2, 2, 2, 2, 2, 2, 1, 2, 2, 2, 2, 1, 2, 2, 1, 2, 2, 1, 2, 1, 1, 1, 2, 2, 2, 1, 1, 1, 1, 1, 1, 1, 1, 1, 1, 0, 1]"
24,random graphs/ratio_d3/r1.5k18n12/graph24.lgbin,2428,101,4,5,"[0, 1, 1, 0, 1, 1, 1, 1, 1, 0, 1, 1, 1, 1, 1, 0, 0, 0, 1, 1, 1, 1, 1, 0, 1, 1, 1, 0, 1, 0, 1, 1, 1, 0, 1, 1, 1, 1, 1, 1, 1, 1, 1, 1, 1, 1, 1, 1, 1, 1, 1, 1, 1, 1, 1, 1, 1, 1, 1, 1, 2, 1, 1, 1, 2, 2, 2, 1, 2, 2, 1, 2, 2, 2, 2, 2, 2, 2, 2, 1, 2, 2, 2, 2, 2, 1, 2, 2, 1, 1, 1, 1, 1, 1, 1, 1, 1, 1, 1, 1, 1, 3, 1, 1, 1, 1, 1, 1, 1, 1, 3, 1, 1, 3, 3, 1, 1, 0, 3, 3, 1, 1, 1, 2, 1, 3, 2, 2, 3, 2, 2, 3, 1, 2, 2, 2, 2, 2, 2, 2, 3, 3, 2, 2, 3, 2, 2, 2, 3, 1, 3, 2, 2, 1, 2, 1, 2, 2, 3, 2, 3, 2, 2, 2, 3, 2, 3, 1, 1, 1, 2, 1, 1, 1, 0, 2, 2, 2, 2, 1, 1, 1, 1, 1, 1, 0, 1, 1, 1, 1, 1, 1, 1, 0, 1, 0, 1, 1, 1, 1]"
25,random graphs/ratio_d3/r1.5k18n12/graph25.lgbin,2428,56,4,7,"[1, 1, 1, 0, 1, 1, 1, 1, 1, 0, 1, 2, 2, 2, 2, 2, 2, 1, 2, 2, 1, 2, 2, 2, 2, 1, 2, 2, 2, 2, 2, 1, 2, 1, 2, 2, 1, 2, 2, 1, 2, 2, 0, 1, 0, 2, 1, 1, 2, 2, 2, 2, 1, 2, 0, 0, 1, 3, 1, 3, 1, 1, 1, 1, 1, 2, 1, 1, 1, 1, 1, 1, 1, 1, 1, 1, 1, 1, 3, 1, 1, 3, 1, 2, 1, 2, 1, 1, 1, 1, 1, 3, 1, 2, 3, 2, 1, 1, 2, 2, 2, 2, 1, 1, 1, 2, 2, 1, 1, 2, 2, 1, 1, 1, 1, 2, 1, 1, 2, 0, 1, 1, 1, 2, 3, 3, 3, 4, 1, 3, 3, 3, 1, 1, 4, 0, 3, 1, 3, 3, 2, 2, 2, 2, 3, 2, 1, 2, 2, 2, 2, 2, 2, 2, 2, 1, 2, 2, 2, 2, 2, 1, 2, 2, 2, 2, 2, 2, 2, 2, 2, 2, 1, 1, 2, 2, 2, 2, 2, 2, 2, 2, 2, 2, 2, 2, 2, 2, 2, 2, 2, 2, 2, 1, 1, 1, 1, 0, 1, 1, 1, 2, 1]"
26,random graphs/ratio_d3/r1.5k18n12/graph26.lgbin,2428,37,3,5,"[1, 0, 0, 1, 1, 1, 1, 1, 1, 1, 2, 2, 2, 2, 2, 1, 2, 2, 1, 1, 1, 1, 1, 2, 2, 2, 1, 2, 2, 2, 2, 2, 2, 1, 2, 1, 2, 2, 2, 2, 2, 2, 2, 2, 2, 3, 3, 3, 2, 3, 3, 3, 3, 2, 3, 2, 3, 3, 2, 2, 2, 2, 2, 2, 3, 3, 3, 2, 2, 2, 2, 2, 3, 2, 2, 1, 1, 1, 1, 0, 0, 2, 2, 1, 1, 1, 1, 2, 0, 1, 2, 1, 1, 1, 1, 1, 1, 1, 1, 1, 1, 1, 1, 1, 1, 1, 1, 1, 1, 1, 2, 2, 2, 2, 2, 1, 1, 2, 1, 1, 2, 1, 2, 2, 3, 2, 2, 1, 2, 1, 2, 2, 2, 2, 2, 2, 2, 2, 2, 1, 1, 1, 1, 1, 0, 2, 2, 1, 1, 2, 2, 1, 2, 1, 2, 2, 1, 1, 1, 1, 2, 1, 2, 2, 2, 2, 1, 1, 2, 2, 2, 2, 1, 1, 1, 0, 1, 2, 1, 1, 2, 1, 1, 1, 1, 1, 1, 1, 1, 1, 1, 1, 1, 1, 1, 1, 1, 1, 1, 0, 1, 1, 1, 1, 1]"
27,random graphs/ratio_d3/r1.5k18n12/graph27.lgbin,2428,27,4,4,"[1, 1, 1, 0, 1, 1, 1, 0, 1, 1, 1, 1, 1, 0, 1, 0, 1, 1, 1, 1, 1, 1, 1, 1, 1, 1, 1, 1, 1, 1, 1, 1, 1, 1, 1, 1, 1, 1, 1, 1, 1, 1, 1, 1, 2, 1, 1, 2, 1, 1, 2, 2, 2, 2, 2, 2, 1, 2, 2, 2, 2, 2, 2, 2, 1, 1, 2, 2, 2, 2, 2, 1, 2, 2, 2, 1, 2, 2, 2, 2, 1, 1, 0, 1, 2, 1, 2, 1, 1, 1, 1, 1, 1, 1, 1, 1, 1, 1, 1, 1, 0, 1, 1, 1, 1, 1, 1, 2, 1, 1, 0, 1, 1, 0, 1, 2, 2, 1, 2, 2, 1, 3, 1, 2, 2, 2, 2, 2, 2, 2, 1, 1, 1, 1, 2, 2, 1, 2, 2, 2, 2, 1, 1, 1, 1, 1, 1, 2, 1, 2, 1, 1, 1, 1, 1, 1, 1, 1, 0, 2, 2, 2, 2, 0, 1, 2, 2, 2, 1, 1, 1, 2, 2, 1, 2, 2, 1, 1, 2, 2, 2, 2, 2, 2, 2, 1, 2, 2, 2, 1, 1, 2, 1, 1, 1, 1, 1, 1, 0, 0, 1]"
28,random graphs/ratio_d3/r1.5k18n12/graph28.lgbin,2428,23,4,5,"[1, 1, 1, 1, 1, 1, 1, 1, 1, 1, 1, 1, 1, 1, 1, 1, 1, 1, 1, 1, 1, 1, 1, 1, 1, 1, 1, 1, 0, 1, 1, 1, 1, 1, 1, 1, 1, 0, 0, 0, 1, 1, 1, 1, 1, 1, 1, 1, 1, 1, 1, 1, 1, 1, 2, 2, 2, 2, 2, 1, 1, 2, 2, 2, 2, 2, 2, 2, 2, 2, 1, 1, 1, 2, 2, 2, 2, 2, 0, 2, 2, 2, 1, 1, 2, 1, 2, 2, 1, 2, 1, 1, 1, 1, 1, 1, 1, 1, 1, 2, 1, 0, 1, 0, 1, 1, 1, 1, 1, 1, 1, 2, 1, 2, 2, 2, 2, 2, 2, 2, 2, 2, 2, 2, 3, 2, 3, 4, 1, 4, 3, 3, 1, 2, 2, 3, 3, 2, 1, 2, 2, 3, 2, 1, 2, 2, 2, 2, 1, 1, 2, 1, 2, 2, 2, 1, 2, 1, 2, 2, 1, 2, 2, 2, 2, 0, 1, 2, 2, 2, 2, 2, 2, 2, 2, 2, 2, 2, 1, 2, 2, 2, 2, 2, 2, 2, 1, 2, 2, 2, 2, 2, 2, 2, 1, 1, 1, 1, 1, 1, 1, 1, 1, 1]"
29,random graphs/ratio_d3/r1.5k18n12/graph29.lgbin,2428,30,5,6,"[1, 1, 1, 1, 1, 1, 1, 1, 1, 1, 1, 0, 2, 1, 0, 1, 1, 2, 2, 2, 1, 1, 2, 1, 1, 1, 1, 1, 1, 1, 1, 2, 2, 0, 1, 1, 1, 0, 1, 0, 1, 1, 1, 1, 2, 2, 1, 1, 2, 2, 2, 2, 1, 2, 2, 1, 2, 2, 2, 1, 1, 1, 3, 3, 3, 3, 2, 3, 2, 3, 2, 2, 3, 3, 2, 2, 3, 3, 3, 2, 1, 1, 1, 2, 1, 1, 1, 1, 1, 1, 2, 1, 1, 2, 1, 2, 1, 2, 1, 2, 1, 1, 0, 2, 0, 1, 1, 2, 1, 1, 1, 1, 1, 2, 1, 1, 1, 1, 2, 1, 1, 1, 1, 1, 2, 3, 2, 4, 2, 3, 3, 2, 1, 2, 3, 2, 3, 2, 3, 2, 2, 2, 3, 2, 3, 2, 2, 3, 2, 3, 2, 2, 2, 2, 1, 1, 3, 2, 2, 2, 2, 1, 2, 3, 3, 3, 2, 2, 2, 1, 2, 2, 2, 2, 2, 2, 2, 3, 3, 3, 3, 3, 2, 2, 1, 1, 1, 1, 0, 1, 1, 1, 1, 1, 1, 1, 1, 1, 1, 1, 1, 1, 0]"
30,random graphs/ratio_d3/r1.5k18n12/graph30.lgbin,2428,81,5,7,"[1, 2, 2, 1, 1, 2, 2, 1, 2, 2, 2, 2, 2, 2, 2, 2, 1, 2, 2, 2, 2, 2, 2, 2, 2, 2, 2, 1, 2, 2, 2, 2, 2, 3, 3, 2, 2, 2, 3, 3, 2, 3, 3, 3, 2, 3, 4, 3, 3, 3, 2, 3, 3, 3, 3, 3, 1, 3, 2, 2, 3, 2, 2, 3, 3, 3, 2, 2, 2, 2, 2, 2, 2, 2, 2, 2, 2, 2, 2, 1, 2, 1, 0, 1, 1, 1, 1, 1, 2, 1, 1, 1, 0, 1, 1, 0, 1, 1, 1, 1, 1, 1, 1, 1, 1, 1, 2, 1, 2, 2, 2, 2, 1, 2, 2, 1, 1, 1, 1, 1, 1, 1, 1, 1, 1, 1, 1, 1, 1, 2, 1, 1, 1, 1, 1, 1, 1, 2, 3, 2, 1, 2, 1, 1, 2, 1, 1, 1, 2, 2, 1, 1, 1, 1, 1, 0, 1, 1, 1, 1, 1, 1, 2, 1, 1, 2, 1, 2, 1, 1, 1, 1, 2, 1, 2, 1, 1, 1, 2, 2, 1, 1, 1, 1, 1, 1, 1, 1, 1, 2, 1, 1, 1, 1, 1, 1, 1, 0, 1, 1, 1, 1, 1, 1, 0, 1]"
31,random graphs/ratio_d3/r1.5k18n12/graph31.lgbin,2428,148,3,7,"[1, 1, 1, 0, 1, 1, 1, 1, 1, 1, 1, 1, 1, 0, 1, 0, 1, 1, 1, 1, 1, 1, 1, 1, 1, 1, 2, 1, 2, 2, 2, 2, 2, 1, 2, 0, 2, 0, 1, 2, 0, 0, 1, 1, 2, 1, 3, 2, 0, 2, 0, 1, 2, 2, 2, 2, 1, 1, 2, 3, 1, 2, 2, 2, 2, 2, 2, 2, 2, 1, 2, 1, 2, 2, 2, 3, 2, 1, 3, 2, 3, 4, 2, 2, 4, 2, 1, 2, 4, 4, 2, 1, 3, 1, 3, 1, 1, 3, 2, 4, 3, 3, 1, 1, 1, 1, 3, 1, 3, 3, 1, 2, 1, 2, 0, 1, 1, 3, 2, 1, 1, 2, 1, 1, 2, 1, 1, 2, 1, 1, 1, 2, 2, 1, 2, 2, 1, 1, 2, 2, 2, 1, 2, 2, 1, 4, 2, 3, 1, 1, 1, 1, 2, 2, 0, 1, 1, 1, 2, 1, 1, 2, 2, 1, 2, 2, 2, 2, 2, 2, 2, 2, 2, 1, 1, 1, 1, 1, 1, 1, 1, 1, 1, 1, 1, 1, 1, 1, 1, 1, 1, 1, 1, 1, 1, 1, 0, 1, 1, 1, 0, 1, 1, 1, 1, 1]"
32,random graphs/ratio_d3/r1.5k18n12/graph32.lgbin,2428,130,4,5,"[0, 1, 1, 1, 1, 1, 1, 0, 1, 1, 1, 1, 2, 2, 2, 2, 2, 1, 2, 2, 0, 2, 1, 1, 2, 2, 2, 0, 1, 2, 2, 1, 0, 2, 2, 1, 2, 2, 1, 2, 2, 2, 2, 2, 2, 2, 1, 2, 1, 1, 2, 1, 1, 1, 1, 2, 2, 1, 2, 2, 2, 1, 2, 2, 1, 2, 0, 2, 0, 1, 1, 2, 1, 1, 2, 1, 2, 1, 2, 2, 1, 2, 1, 2, 2, 1, 3, 1, 2, 2, 1, 2, 2, 1, 1, 1, 1, 1, 1, 2, 2, 0, 1, 1, 1, 1, 1, 1, 1, 1, 1, 1, 1, 1, 2, 1, 1, 1, 1, 2, 1, 1, 0, 1, 1, 1, 2, 0, 2, 2, 2, 1, 1, 1, 1, 1, 1, 3, 1, 1, 1, 1, 3, 2, 1, 1, 2, 1, 1, 2, 2, 2, 1, 2, 2, 2, 1, 2, 2, 1, 0, 1, 1, 1, 1, 1, 1, 1, 1, 1, 0, 1, 1, 1, 1, 1, 1, 1, 1, 1, 1, 0, 1, 1, 0, 1, 1, 1, 1, 1, 1, 1, 1, 1, 1, 1, 1, 1, 1, 1, 1]"
33,random graphs/ratio_d3/r1.5k18n12/graph33.lgbin,2428,100,4,7,"[1, 1, 1, 1, 1, 1, 1, 1, 1, 1, 1, 1, 1, 1, 1, 1, 1, 1, 1, 1, 1, 1, 1, 1, 1, 1, 1, 1, 1, 1, 1, 1, 1, 1, 1, 0, 2, 1, 2, 1, 1, 1, 1, 1, 1, 1, 1, 1, 1, 1, 1, 1, 1, 1, 1, 1, 1, 2, 1, 3, 2, 1, 0, 3, 2, 1, 2, 2, 0, 2, 2, 1, 3, 1, 1, 1, 1, 0, 2, 2, 1, 2, 3, 1, 3, 3, 2, 2, 1, 1, 1, 1, 1, 1, 1, 0, 1, 1, 2, 1, 1, 1, 1, 1, 2, 2, 2, 2, 1, 2, 2, 2, 1, 2, 2, 2, 2, 2, 3, 3, 2, 3, 2, 2, 2, 2, 3, 2, 2, 2, 2, 2, 2, 1, 2, 1, 1, 1, 2, 2, 2, 2, 2, 1, 2, 2, 2, 2, 2, 2, 1, 2, 2, 2, 2, 2, 1, 2, 2, 1, 2, 2, 2, 2, 2, 2, 2, 2, 1, 2, 2, 2, 2, 2, 2, 2, 2, 2, 2, 1, 2, 2, 0, 2, 2, 2, 1, 1, 1, 2, 1, 1, 1, 1, 0, 1, 1, 1, 0, 1, 0, 0, 1, 1, 0, 1, 1, 1, 1]"
34,random graphs/ratio_d3/r1.5k18n12/graph34.lgbin,2428,73,4,5,"[1, 1, 1, 1, 1, 1, 1, 1, 1, 1, 1, 1, 1, 1, 0, 1, 1, 1, 1, 1, 1, 2, 1, 2, 1, 1, 1, 1, 1, 2, 1, 1, 2, 1, 2, 1, 2, 1, 1, 1, 1, 1, 1, 1, 1, 1, 1, 1, 1, 1, 2, 2, 1, 2, 2, 2, 2, 2, 2, 1, 2, 2, 2, 2, 2, 2, 2, 2, 2, 2, 2, 2, 2, 2, 1, 2, 2, 2, 2, 1, 1, 2, 2, 2, 2, 3, 2, 2, 2, 1, 1, 1, 1, 1, 1, 1, 2, 2, 1, 1, 1, 1, 1, 1, 1, 1, 1, 1, 1, 1, 1, 1, 1, 1, 2, 2, 1, 1, 1, 1, 1, 1, 1, 2, 2, 1, 1, 1, 1, 2, 1, 1, 1, 2, 0, 1, 1, 1, 2, 2, 1, 1, 1, 1, 0, 2, 2, 2, 2, 2, 2, 2, 1, 2, 3, 1, 1, 2, 2, 0, 1, 1, 1, 2, 1, 0, 1, 1, 1, 1, 1, 1, 1, 0, 1, 1, 0, 1, 1, 1, 1, 1, 1, 1, 1, 1, 1, 1, 1, 0, 1, 0, 1, 1, 0, 1, 1, 1, 1]"
35,random graphs/ratio_d3/r1.5k18n12/graph35.lgbin,2428,58,7,8,"[1, 1, 1, 0, 1, 1, 1, 1, 1, 2, 2, 2, 2, 2, 0, 1, 1, 1, 1, 2, 3, 3, 2, 3, 3, 1, 1, 1, 3, 3, 1, 3, 3, 3, 3, 2, 2, 1, 0, 2, 2, 1, 3, 3, 3, 2, 4, 3, 3, 1, 4, 2, 1, 3, 2, 1, 3, 1, 1, 3, 1, 1, 1, 0, 1, 4, 1, 2, 4, 1, 2, 2, 2, 2, 4, 3, 3, 4, 5, 3, 2, 2, 0, 5, 1, 4, 3, 1, 2, 3, 2, 0, 3, 2, 2, 1, 3, 2, 2, 2, 3, 2, 3, 3, 1, 2, 1, 2, 0, 2, 2, 3, 2, 2, 1, 0, 2, 2, 2, 1, 2, 2, 3, 3, 3, 3, 3, 3, 3, 2, 3, 3, 3, 3, 3, 3, 3, 3, 3, 2, 3, 3, 3, 3, 3, 3, 2, 3, 3, 3, 2, 3, 2, 3, 3, 1, 2, 1, 2, 1, 1, 1, 2, 2, 1, 3, 1, 2, 1, 1, 1, 1, 1, 1, 1, 1, 2, 1, 1, 2, 0, 1, 1, 2, 2, 1, 1, 2, 0, 2, 1, 1, 2, 2, 1, 1, 1, 1, 0, 0, 1, 0]"
36,random graphs/ratio_d3/r1.5k18n12/graph36.lgbin,2428,66,2,4,"[0, 0, 1, 1, 1, 1, 1, 1, 1, 0, 1, 1, 1, 1, 1, 1, 1, 1, 1, 0, 0, 1, 1, 1, 0, 1, 1, 1, 1, 0, 1, 1, 1, 1, 1, 1, 1, 1, 0, 1, 1, 1, 1, 1, 1, 1, 1, 1, 1, 1, 1, 1, 1, 1, 2, 1, 1, 2, 2, 1, 1, 2, 1, 1, 1, 2, 1, 2, 1, 2, 1, 2, 2, 2, 2, 2, 2, 1, 1, 2, 1, 1, 1, 2, 2, 1, 2, 2, 1, 1, 1, 1, 1, 1, 1, 1, 1, 0, 1, 2, 2, 1, 1, 2, 1, 1, 2, 1, 1, 1, 1, 2, 1, 1, 3, 3, 2, 1, 2, 2, 1, 2, 3, 2, 2, 2, 1, 2, 1, 2, 1, 3, 2, 1, 1, 1, 0, 1, 1, 1, 0, 1, 2, 2, 1, 1, 1, 1, 1, 1, 1, 1, 0, 1, 1, 1, 1, 2, 0, 0, 2, 1, 2, 0, 1, 1, 1, 0, 2, 1, 1, 2, 2, 2, 1, 2, 2, 2, 1, 1, 1, 2, 1, 1, 1, 1, 1, 1, 1, 1, 2, 1, 1, 1, 1, 1, 1, 1, 0, 1, 1]"
37,random graphs/ratio_d3/r1.5k18n12/graph37.lgbin,2428,41,3,5,"[1, 1, 1, 0, 1, 1, 1, 1, 0, 1, 1, 1, 1, 1, 0, 0, 1, 1, 1, 0, 1, 1, 2, 2, 1, 1, 1, 1, 1, 2, 1, 2, 1, 1, 1, 2, 1, 1, 1, 2, 1, 1, 1, 2, 1, 1, 2, 1, 2, 1, 2, 1, 1, 0, 2, 1, 1, 2, 1, 1, 1, 2, 0, 1, 2, 1, 2, 1, 2, 1, 1, 1, 1, 2, 1, 1, 2, 1, 1, 1, 1, 2, 1, 0, 1, 1, 0, 1, 1, 1, 1, 2, 0, 2, 0, 1, 1, 0, 1, 2, 2, 2, 2, 2, 1, 2, 2, 1, 1, 1, 1, 1, 1, 1, 3, 3, 2, 2, 3, 3, 3, 3, 1, 2, 1, 1, 1, 1, 1, 0, 1, 1, 1, 1, 1, 1, 1, 1, 1, 1, 1, 1, 1, 1, 1, 1, 1, 1, 1, 0, 1, 1, 1, 2, 0, 2, 1, 1, 1, 1, 1, 1, 1, 3, 3, 2, 0, 2, 2, 1, 1, 2, 2, 2, 2, 2, 1, 1, 1, 2, 2, 2, 1, 2, 1, 2, 2, 2, 2, 2, 1, 2, 1, 1, 1, 1, 1, 1, 1, 1, 1]"
38,random graphs/ratio_d3/r1.5k18n12/graph38.lgbin,2428,78,3,4,"[1, 1, 1, 1, 1, 1, 1, 0, 1, 1, 1, 1, 1, 1, 1, 0, 1, 1, 1, 1, 1, 1, 0, 1, 1, 1, 1, 1, 0, 1, 0, 1, 1, 1, 1, 1, 1, 1, 2, 1, 1, 1, 1, 1, 2, 2, 2, 1, 2, 2, 2, 1, 2, 1, 2, 1, 1, 1, 0, 1, 1, 1, 1, 2, 2, 1, 1, 1, 1, 1, 0, 1, 0, 1, 1, 1, 1, 1, 1, 1, 1, 1, 1, 0, 1, 1, 1, 1, 1, 1, 2, 1, 1, 2, 2, 1, 1, 2, 1, 1, 1, 1, 1, 1, 2, 2, 2, 1, 2, 2, 1, 1, 1, 1, 2, 2, 2, 2, 1, 2, 2, 2, 2, 2, 2, 2, 1, 2, 2, 2, 2, 2, 2, 3, 2, 2, 2, 2, 1, 1, 2, 1, 2, 1, 2, 1, 2, 2, 2, 1, 2, 2, 2, 1, 1, 1, 1, 1, 0, 0, 1, 1, 1, 1, 1, 0, 1, 0, 1, 1, 1, 1, 1, 1, 1, 0, 1, 1, 1, 1, 1, 0, 1, 1, 1, 1, 1, 1, 1, 1, 1, 1, 1, 1, 1, 1, 1, 1, 0, 1, 1, 1, 1, 1, 1]"
39,random graphs/ratio_d3/r1.5k18n12/graph39.lgbin,2428,75,4,5,"[1, 1, 0, 0, 1, 1, 1, 1, 1, 1, 1, 0, 1, 1, 1, 1, 1, 1, 1, 0, 1, 0, 1, 1, 1, 1, 1, 1, 0, 0, 2, 2, 1, 0, 2, 0, 1, 1, 1, 2, 1, 0, 2, 1, 2, 0, 1, 0, 1, 0, 1, 0, 0, 1, 1, 0, 2, 1, 1, 2, 1, 1, 2, 1, 2, 1, 2, 1, 2, 2, 1, 2, 2, 2, 2, 2, 1, 1, 1, 1, 1, 3, 1, 3, 2, 2, 1, 1, 1, 1, 1, 0, 1, 1, 1, 1, 1, 1, 1, 1, 1, 1, 1, 1, 1, 1, 1, 1, 3, 1, 1, 1, 1, 1, 1, 1, 2, 1, 1, 1, 1, 1, 3, 1, 2, 3, 0, 1, 1, 3, 1, 3, 3, 3, 3, 3, 3, 3, 3, 3, 2, 3, 2, 2, 2, 2, 2, 2, 2, 2, 2, 2, 2, 2, 1, 2, 2, 2, 2, 2, 2, 2, 2, 2, 1, 1, 0, 1, 1, 2, 1, 1, 1, 1, 1, 1, 1, 1, 1, 1, 1, 1, 1, 1, 1, 1, 1, 1, 1, 1, 1, 1, 1, 1, 1, 1]"
40,random graphs/ratio_d3/r1.5k18n12/graph40.lgbin,2428,66,4,6,"[1, 1, 1, 1, 1, 1, 1, 1, 1, 1, 1, 1, 1, 0, 1, 1, 1, 1, 1, 2, 1, 1, 2, 0, 1, 1, 1, 1, 2, 2, 2, 3, 2, 2, 3, 2, 3, 2, 3, 1, 2, 2, 1, 2, 1, 1, 1, 2, 1, 2, 1, 2, 2, 1, 2, 1, 2, 2, 1, 2, 2, 2, 1, 1, 1, 2, 3, 2, 2, 1, 2, 1, 1, 2, 2, 3, 1, 3, 3, 3, 2, 2, 1, 2, 1, 3, 3, 2, 3, 2, 3, 3, 3, 3, 1, 1, 2, 2, 2, 3, 3, 3, 3, 4, 2, 4, 2, 3, 3, 2, 2, 3, 2, 2, 2, 2, 2, 1, 2, 2, 1, 2, 3, 2, 1, 3, 2, 2, 2, 1, 3, 2, 1, 2, 3, 2, 1, 2, 2, 2, 2, 2, 2, 2, 3, 3, 2, 2, 2, 3, 3, 2, 3, 3, 2, 1, 3, 1, 1, 2, 2, 2, 2, 1, 2, 2, 2, 2, 2, 2, 1, 1, 2, 2, 1, 1, 2, 2, 2, 2, 1, 1, 0, 1, 1, 1, 1, 1, 1, 1, 1, 1, 1, 1, 1, 1, 1, 1, 1, 1]"
41,random graphs/ratio_d3/r1.5k18n12/graph41.lgbin,2428,76,4,5,"[1, 2, 1, 0, 2, 2, 1, 1, 2, 2, 1, 0, 0, 1, 2, 1, 1, 1, 2, 0, 0, 2, 0, 2, 1, 2, 2, 0, 1, 1, 1, 2, 1, 2, 2, 1, 1, 1, 1, 1, 1, 2, 1, 2, 2, 2, 2, 1, 1, 2, 1, 2, 1, 1, 2, 2, 2, 1, 2, 1, 2, 2, 1, 2, 2, 1, 1, 2, 2, 2, 2, 1, 1, 2, 2, 2, 1, 1, 2, 2, 2, 4, 3, 2, 2, 1, 2, 2, 1, 2, 2, 2, 2, 2, 2, 2, 2, 1, 1, 1, 1, 1, 1, 2, 1, 2, 1, 2, 1, 1, 2, 1, 1, 2, 2, 1, 2, 2, 2, 3, 2, 2, 2, 1, 2, 2, 3, 0, 1, 1, 2, 1, 0, 3, 2, 1, 2, 2, 1, 1, 1, 1, 1, 1, 1, 1, 2, 1, 2, 1, 1, 1, 1, 1, 1, 1, 1, 1, 1, 1, 2, 2, 2, 2, 1, 2, 1, 1, 1, 1, 1, 1, 1, 1, 1, 1, 0, 1, 1, 0, 1, 1, 0, 1, 0, 1, 0, 1, 1, 1, 0, 0, 1, 0, 1, 0, 1, 1, 1]"
42,random graphs/ratio_d3/r1.5k18n12/graph42.lgbin,2428,31,4,6,"[1, 1, 1, 0, 1, 1, 1, 1, 1, 1, 1, 0, 1, 2, 1, 0, 1, 1, 1, 2, 1, 1, 0, 2, 1, 1, 2, 2, 2, 1, 1, 1, 1, 2, 2, 2, 1, 1, 1, 2, 2, 2, 2, 2, 1, 1, 1, 3, 1, 3, 1, 1, 1, 1, 1, 1, 0, 1, 1, 0, 1, 1, 3, 1, 1, 1, 1, 3, 1, 2, 2, 1, 1, 2, 1, 1, 1, 1, 2, 1, 1, 2, 1, 2, 2, 2, 1, 1, 1, 2, 2, 2, 3, 1, 1, 1, 2, 2, 0, 1, 2, 1, 2, 0, 1, 1, 2, 1, 1, 1, 0, 1, 1, 1, 1, 1, 1, 2, 0, 3, 3, 2, 3, 3, 2, 2, 0, 2, 1, 3, 2, 2, 2, 2, 1, 4, 3, 0, 2, 1, 3, 2, 1, 2, 2, 2, 2, 2, 2, 2, 1, 2, 3, 3, 3, 2, 3, 3, 2, 3, 3, 3, 1, 2, 3, 3, 3, 3, 3, 3, 3, 3, 3, 2, 3, 2, 2, 2, 2, 2, 2, 2, 2, 2, 2, 2, 2, 2, 1, 1, 0, 1, 1, 1, 1, 1, 1, 1, 1, 1, 1, 1, 1, 1, 1, 1, 1, 1, 1, 1]"
43,random graphs/ratio_d3/r1.5k18n12/graph43.lgbin,2428,68,3,3,"[1, 1, 1, 1, 1, 1, 1, 1, 1, 0, 0, 1, 1, 1, 1, 1, 1, 1, 1, 1, 1, 1, 1, 1, 1, 1, 1, 1, 1, 1, 1, 1, 1, 1, 1, 1, 1, 1, 1, 1, 1, 0, 1, 1, 1, 1, 1, 1, 1, 1, 1, 1, 1, 1, 1, 1, 1, 0, 0, 2, 2, 1, 1, 1, 1, 1, 0, 2, 1, 0, 2, 1, 0, 2, 1, 2, 1, 1, 0, 0, 0, 1, 1, 0, 1, 1, 1, 1, 1, 1, 1, 0, 1, 1, 0, 1, 1, 0, 1, 1, 1, 1, 1, 2, 1, 1, 1, 1, 1, 1, 1, 1, 1, 1, 1, 1, 0, 2, 2, 2, 2, 1, 2, 2, 1, 1, 2, 2, 1, 2, 1, 2, 1, 1, 2, 1, 1, 2, 2, 2, 2, 2, 2, 1, 2, 2, 2, 2, 1, 0, 1, 1, 1, 1, 1, 1, 1, 1, 0, 1, 1, 1, 1, 1, 1, 1, 0, 1, 1, 0, 1, 1, 1, 1, 1, 1, 1, 1, 0, 1, 1, 1, 1, 1, 1, 1, 1, 1, 1, 1, 0, 1, 1, 0, 0, 0, 0, 0, 0, 0, 0]"
44,random graphs/ratio_d3/r1.5k18n12/graph44.lgbin,2428,35,6,7,"[1, 1, 1, 1, 1, 1, 1, 0, 1, 1, 1, 1, 1, 0, 1, 0, 1, 1, 1, 1, 1, 1, 1, 0, 1, 1, 1, 1, 0, 0, 1, 2, 1, 1, 2, 2, 1, 2, 2, 2, 1, 2, 2, 1, 1, 2, 2, 1, 1, 2, 1, 1, 2, 2, 3, 1, 1, 1, 2, 3, 2, 2, 2, 2, 1, 1, 2, 0, 2, 2, 1, 1, 1, 1, 0, 1, 2, 1, 1, 3, 1, 3, 1, 2, 2, 1, 1, 3, 4, 2, 3, 4, 1, 2, 3, 1, 1, 2, 3, 2, 2, 2, 2, 2, 2, 1, 2, 1, 2, 2, 2, 1, 1, 3, 2, 2, 1, 1, 3, 2, 2, 1, 4, 1, 1, 3, 3, 1, 3, 4, 4, 3, 2, 3, 3, 3, 1, 3, 2, 1, 3, 4, 2, 3, 4, 2, 4, 2, 4, 1, 3, 2, 2, 3, 3, 3, 2, 2, 1, 3, 3, 1, 2, 3, 2, 3, 2, 2, 2, 2, 3, 3, 3, 3, 2, 2, 1, 3, 2, 1, 1, 2, 2, 1, 2, 2, 2, 1, 2, 0, 2, 1, 1, 1, 1, 0, 1, 1, 1, 0]"
45,random graphs/ratio_d3/r1.5k18n12/graph45.lgbin,2428,43,5,6,"[1, 0, 0, 0, 1, 1, 1, 0, 1, 1, 1, 1, 0, 1, 1, 1, 1, 1, 0, 1, 1, 1, 1, 1, 1, 1, 0, 1, 2, 1, 0, 1, 1, 2, 1, 2, 1, 1, 2, 1, 1, 2, 1, 2, 1, 3, 1, 3, 3, 2, 2, 1, 3, 2, 3, 1, 1, 3, 1, 0, 1, 1, 3, 1, 3, 3, 3, 3, 2, 1, 1, 1, 3, 1, 2, 3, 1, 1, 0, 3, 1, 1, 1, 2, 1, 3, 1, 3, 2, 0, 1, 1, 2, 1, 1, 2, 0, 1, 1, 2, 1, 1, 1, 0, 2, 3, 3, 3, 3, 1, 3, 2, 3, 3, 0, 3, 2, 2, 2, 2, 2, 1, 2, 2, 2, 2, 3, 2, 2, 2, 2, 2, 2, 2, 2, 2, 1, 2, 2, 2, 2, 2, 2, 2, 2, 2, 2, 2, 2, 1, 3, 2, 2, 2, 3, 2, 2, 2, 2, 2, 2, 0, 2, 1, 2, 2, 2, 2, 2, 1, 1, 2, 1, 2, 1, 1, 1, 1, 2, 1, 1, 1, 0, 1, 1, 1, 1, 1, 1, 1, 1, 1, 1, 1, 1, 0, 1, 1, 1, 1, 1, 0]"
46,random graphs/ratio_d3/r1.5k18n12/graph46.lgbin,2428,44,4,6,"[1, 1, 0, 1, 1, 1, 1, 0, 1, 1, 1, 1, 1, 1, 1, 0, 2, 1, 0, 1, 2, 2, 2, 2, 2, 2, 3, 1, 2, 2, 3, 1, 2, 2, 2, 3, 3, 2, 3, 1, 2, 2, 2, 2, 1, 2, 1, 1, 1, 1, 1, 1, 1, 1, 3, 1, 1, 1, 1, 2, 3, 2, 3, 3, 1, 2, 1, 3, 3, 3, 3, 2, 3, 2, 3, 2, 2, 2, 2, 1, 2, 2, 2, 1, 2, 2, 2, 2, 2, 2, 1, 2, 1, 2, 2, 2, 2, 2, 2, 3, 2, 3, 3, 3, 2, 1, 3, 2, 2, 2, 3, 1, 1, 2, 2, 2, 2, 2, 2, 2, 3, 1, 1, 1, 1, 1, 0, 0, 1, 1, 1, 1, 1, 2, 1, 1, 1, 1, 1, 2, 1, 1, 1, 1, 1, 0, 1, 1, 1, 1, 1, 2, 1, 1, 1, 1, 2, 1, 1, 1, 2, 2, 2, 2, 2, 1, 1, 2, 2, 2, 0, 2, 0, 1, 3, 1, 0, 2, 1, 0, 0, 0, 1, 0, 1, 2, 1, 1, 1, 1, 1, 1, 1, 1, 0, 1, 0, 0, 0, 1]"
47,random graphs/ratio_d3/r1.5k18n12/graph47.lgbin,2428,45,1,4,"[1, 1, 1, 1, 1, 1, 1, 1, 1, 1, 1, 1, 1, 1, 1, 1, 0, 1, 1, 1, 1, 1, 1, 0, 1, 1, 1, 1, 1, 1, 1, 1, 1, 1, 1, 2, 2, 2, 1, 1, 1, 1, 1, 2, 1, 1, 2, 1, 1, 1, 1, 0, 1, 1, 1, 2, 1, 2, 1, 1, 2, 1, 2, 2, 0, 2, 2, 1, 1, 1, 2, 1, 1, 1, 2, 0, 1, 1, 0, 1, 2, 1, 1, 1, 1, 1, 0, 1, 0, 0, 1, 1, 1, 1, 1, 1, 1, 0, 1, 1, 1, 1, 1, 1, 1, 2, 2, 1, 1, 2, 2, 2, 2, 1, 2, 1, 1, 3, 1, 2, 2, 1, 1, 1, 2, 2, 2, 0, 1, 0, 1, 1, 1, 0, 0, 1, 2, 2, 1, 2, 1, 1, 1, 1, 1, 1, 2, 2, 1, 2, 0, 1, 1, 1, 1, 1, 1, 1, 1, 0, 1, 1, 1, 1, 0, 1, 1, 2, 1, 1, 1, 2, 1, 1, 2, 1, 2, 1, 2, 2, 1, 1, 0, 2, 2, 1, 2, 2, 1, 2, 2, 2, 2, 2, 2, 0, 2, 1, 0, 1, 1, 1, 1, 1, 1]"
48,random graphs/ratio_d3/r1.5k18n12/graph48.lgbin,2428,63,5,7,"[0, 1, 1, 1, 1, 0, 1, 0, 0, 0, 0, 0, 1, 0, 0, 1, 0, 1, 0, 1, 1, 1, 1, 1, 1, 2, 1, 1, 1, 2, 1, 1, 2, 1, 1, 1, 1, 0, 1, 1, 2, 1, 1, 1, 2, 1, 2, 1, 2, 1, 2, 2, 2, 2, 1, 1, 2, 2, 2, 2, 3, 2, 3, 2, 2, 2, 2, 2, 2, 1, 2, 2, 2, 2, 3, 2, 2, 2, 2, 2, 2, 2, 2, 2, 2, 2, 2, 2, 2, 2, 2, 1, 2, 2, 3, 3, 3, 2, 3, 2, 2, 1, 1, 3, 2, 1, 2, 2, 3, 3, 3, 2, 3, 3, 3, 2, 2, 2, 3, 2, 2, 3, 3, 2, 2, 3, 2, 2, 2, 1, 2, 2, 3, 2, 1, 2, 2, 3, 2, 2, 1, 2, 2, 2, 1, 2, 1, 1, 1, 1, 1, 1, 1, 1, 1, 1, 1, 1, 1, 1, 3, 2, 0, 1, 3, 2, 2, 1, 2, 0, 1, 3, 2, 1, 0, 3, 2, 2, 0, 3, 1, 1, 1, 1, 2, 1, 2, 2, 2, 2, 2, 1, 1, 1, 1, 1, 1, 1, 1, 1, 1, 1]"
49,random graphs/ratio_d3/r1.5k18n12/graph49.lgbin,2428,86,5,6,"[1, 0, 1, 1, 1, 1, 1, 1, 0, 1, 1, 1, 1, 1, 1, 1, 1, 1, 1, 0, 1, 1, 1, 1, 1, 1, 1, 1, 0, 1, 1, 1, 1, 0, 1, 1, 1, 1, 1, 0, 1, 1, 1, 1, 1, 2, 2, 2, 2, 2, 1, 2, 2, 2, 2, 2, 2, 3, 2, 3, 3, 2, 1, 3, 3, 1, 2, 1, 2, 1, 1, 2, 1, 1, 1, 1, 1, 1, 2, 1, 1, 1, 2, 2, 1, 2, 0, 1, 1, 1, 1, 1, 0, 1, 0, 1, 3, 1, 2, 2, 2, 1, 1, 3, 3, 4, 4, 3, 3, 3, 4, 3, 2, 3, 3, 3, 3, 3, 4, 2, 2, 4, 2, 3, 3, 3, 3, 3, 3, 2, 2, 1, 2, 2, 2, 2, 2, 1, 1, 3, 1, 1, 1, 1, 2, 1, 1, 2, 1, 0, 1, 2, 1, 1, 1, 2, 1, 1, 1, 2, 1, 2, 1, 2, 1, 2, 2, 1, 2, 2, 2, 1, 2, 2, 2, 1, 1, 1, 0, 1, 1, 1, 1, 1, 1, 1, 1, 1, 1, 1, 1, 1, 0, 0, 1, 1, 1, 1, 1, 1, 1, 1, 1, 1, 0, 1, 1]"
50,random graphs/ratio_d3/r1.5k24n16/graph0.lgbin,2466,229,11,14,"[1, 1, 1, 1, 0, 1, 1, 1, 1, 1, 1, 1, 1, 1, 1, 1, 1, 1, 1, 1, 1, 1, 1, 1, 1, 1, 1, 1, 3, 3, 2, 3, 2, 2, 3, 2, 2, 3, 0, 2, 2, 2, 3, 2, 2, 3, 3, 1, 3, 3, 3, 3, 3, 2, 2, 3, 2, 2, 2, 3, 2, 2, 2, 2, 2, 3, 2, 2, 1, 3, 1, 2, 2, 2, 2, 2, 2, 2, 2, 1, 2, 2, 2, 2, 1, 2, 2, 2, 2, 2, 2, 0, 3, 1, 2, 2, 0, 3, 3, 2, 3, 1, 3, 0, 4, 2, 1, 1, 2, 2, 3, 2, 2, 3, 2, 3, 3, 3, 4, 3, 4, 3, 1, 2, 3, 2, 1, 2, 2, 2, 2, 2, 3, 2, 2, 1, 1, 3, 4, 2, 3, 3, 2, 1, 1, 1, 3, 3, 3, 2, 3, 1, 1, 3, 1, 4, 3, 1, 3, 2, 3, 2, 2, 1, 1, 2, 3, 3, 3, 3, 1, 1, 2, 2, 2, 2, 1, 1, 1, 1, 0, 2, 1, 2, 1, 1, 1, 2, 2, 2, 2, 2, 2, 2, 2, 1, 1, 1, 2, 2, 2, 2, 0, 2, 1, 1, 1, 3, 1, 1, 1, 1, 1, 2, 1, 1, 1, 1, 1, 1, 1, 2, 1, 1, 1, 1, 1, 0, 2, 0, 2, 1, 2, 1, 1, 1, 2, 2, 2, 2, 2, 2, 2, 2, 2, 2, 2, 2, 1, 1, 1, 1, 1, 1, 1, 1, 1, 1, 1, 1, 1, 0, 2, 0, 2, 0, 2, 1, 2, 1, 1, 2, 2, 2, 2, 1, 2, 2, 3, 2, 1, 2, 2, 1, 2, 2, 2, 2, 2, 2, 1, 1, 2, 2, 0, 0, 3, 1, 1, 1, 1, 3, 1, 1, 0, 1, 1, 1, 0, 3, 1, 1, 2, 2, 0, 1, 0, 2, 3, 0, 1, 1, 2, 0, 1, 3, 2, 3, 1, 2, 1, 1, 2, 1, 1, 2, 2, 0, 1, 3, 1, 1, 2, 1, 2, 1, 1, 2, 1, 2, 1, 1, 1, 1, 1, 1, 1, 0, 1, 1, 1, 1, 1, 1]"
51,random graphs/ratio_d3/r1.5k24n16/graph1.lgbin,2466,82,17,20,"[1, 1, 0, 1, 0, 1, 1, 1, 1, 1, 1, 1, 1, 1, 1, 1, 1, 1, 1, 0, 1, 1, 1, 1, 1, 1, 2, 2, 2, 2, 2, 2, 2, 2, 2, 2, 2, 2, 2, 2, 2, 1, 2, 2, 1, 2, 2, 2, 1, 1, 2, 1, 2, 1, 2, 2, 2, 1, 1, 1, 2, 1, 2, 1, 2, 1, 1, 1, 1, 1, 1, 2, 2, 2, 2, 1, 1, 1, 1, 2, 2, 1, 2, 1, 2, 1, 2, 2, 2, 2, 2, 2, 2, 2, 2, 2, 2, 2, 1, 2, 1, 1, 1, 1, 1, 1, 1, 1, 1, 1, 1, 1, 1, 1, 1, 1, 2, 3, 1, 3, 1, 3, 1, 2, 2, 2, 0, 3, 1, 2, 2, 1, 3, 2, 2, 3, 1, 3, 2, 3, 3, 0, 3, 2, 1, 2, 2, 1, 1, 2, 2, 1, 2, 2, 0, 1, 2, 3, 1, 2, 2, 2, 2, 2, 2, 3, 2, 2, 2, 2, 2, 3, 2, 2, 2, 2, 2, 2, 2, 2, 2, 1, 1, 1, 2, 1, 1, 1, 4, 1, 3, 1, 3, 1, 3, 3, 3, 3, 1, 4, 3, 1, 4, 4, 5, 3, 4, 5, 5, 4, 4, 5, 4, 2, 4, 1, 4, 5, 3, 4, 4, 3, 2, 4, 7, 4, 4, 4, 5, 4, 3, 2, 4, 2, 4, 3, 3, 5, 2, 4, 2, 2, 4, 5, 4, 5, 5, 4, 2, 4, 2, 2, 4, 2, 3, 6, 4, 2, 6, 4, 6, 2, 6, 2, 5, 5, 3, 3, 3, 3, 3, 2, 4, 4, 4, 3, 3, 5, 3, 3, 2, 4, 7, 5, 3, 2, 4, 4, 2, 3, 2, 5, 6, 5, 4, 5, 4, 4, 4, 4, 4, 3, 4, 3, 5, 3, 4, 4, 4, 5, 3, 4, 4, 3, 3, 4, 4, 5, 4, 5, 4, 5, 5, 3, 4, 2, 3, 2, 2, 2, 2, 2, 2, 2, 3, 1, 2, 2, 2, 2, 2, 2, 1, 2, 2, 2, 1, 2, 2, 2, 2, 2, 2, 1, 1]"
52,random graphs/ratio_d3/r1.5k24n16/graph2.lgbin,2466,78,11,16,"[1, 1, 1, 0, 1, 1, 1, 1, 1, 1, 1, 1, 1, 1, 1, 2, 2, 1, 0, 1, 1, 2, 1, 2, 1, 3, 2, 1, 2, 3, 0, 4, 3, 4, 4, 4, 3, 3, 4, 3, 3, 3, 2, 3, 0, 4, 4, 5, 4, 4, 1, 4, 2, 1, 2, 4, 2, 5, 1, 4, 3, 2, 1, 4, 4, 3, 4, 3, 4, 4, 2, 1, 1, 4, 0, 3, 1, 3, 1, 4, 3, 3, 1, 4, 3, 4, 2, 3, 3, 3, 3, 0, 2, 1, 1, 3, 3, 3, 2, 3, 3, 2, 2, 1, 1, 3, 2, 0, 1, 2, 2, 2, 1, 2, 2, 1, 2, 2, 2, 2, 2, 2, 1, 0, 1, 0, 1, 1, 1, 1, 1, 0, 1, 1, 1, 1, 1, 0, 1, 1, 0, 1, 1, 1, 1, 1, 1, 1, 1, 0, 1, 2, 2, 1, 1, 3, 2, 1, 1, 3, 2, 3, 2, 1, 2, 1, 1, 1, 1, 2, 2, 2, 1, 2, 1, 2, 2, 2, 2, 2, 2, 2, 2, 0, 2, 1, 2, 1, 1, 2, 0, 1, 2, 1, 3, 3, 1, 1, 3, 1, 1, 2, 3, 1, 3, 2, 0, 1, 4, 4, 1, 4, 4, 4, 3, 2, 2, 3, 3, 2, 3, 4, 3, 2, 1, 1, 3, 1, 1, 2, 1, 1, 1, 1, 3, 3, 2, 4, 3, 4, 3, 2, 5, 5, 3, 2, 3, 3, 3, 3, 3, 3, 4, 5, 1, 3, 4, 1, 4, 2, 4, 3, 3, 2, 2, 3, 3, 3, 2, 3, 2, 2, 3, 4, 3, 1, 4, 2, 2, 2, 2, 3, 1, 1, 3, 0, 1, 3, 2, 3, 2, 1, 4, 3, 1, 3, 2, 2, 2, 0, 3, 4, 1, 1, 1, 2, 1, 2, 1, 1, 1, 1, 1, 1, 1, 1, 1, 1, 3, 2, 0, 1, 2, 1, 2, 2, 1, 2, 2, 2, 0, 1, 3, 3, 1, 2, 2, 2, 0, 2, 1, 1, 2, 2, 1, 2, 1, 2, 1, 2, 1, 1, 1, 1, 1, 1, 1, 1, 1, 1, 0, 1, 1]"
53,random graphs/ratio_d3/r1.5k24n16/graph3.lgbin,2466,35,7,12,"[1, 1, 1, 1, 1, 1, 1, 1, 1, 0, 1, 1, 2, 2, 2, 1, 2, 2, 2, 1, 1, 1, 2, 2, 1, 1, 1, 2, 2, 1, 1, 2, 2, 2, 2, 3, 2, 3, 2, 2, 1, 2, 2, 2, 2, 3, 2, 2, 2, 3, 2, 3, 1, 3, 3, 2, 2, 3, 2, 2, 1, 3, 1, 1, 2, 3, 2, 0, 3, 2, 1, 1, 1, 2, 3, 1, 2, 1, 2, 2, 2, 1, 3, 1, 2, 2, 3, 2, 2, 2, 1, 1, 1, 2, 2, 1, 2, 1, 1, 2, 2, 1, 1, 1, 1, 2, 1, 1, 1, 1, 1, 0, 0, 1, 1, 0, 1, 1, 1, 1, 1, 1, 1, 1, 1, 1, 1, 1, 1, 1, 1, 1, 1, 1, 1, 1, 2, 1, 1, 2, 2, 2, 2, 2, 2, 2, 2, 2, 2, 2, 2, 2, 1, 1, 1, 1, 1, 1, 1, 1, 1, 1, 2, 1, 1, 2, 2, 2, 2, 1, 2, 2, 1, 2, 2, 1, 2, 1, 2, 2, 1, 1, 1, 2, 2, 2, 2, 1, 2, 2, 2, 2, 2, 0, 1, 1, 2, 2, 2, 1, 2, 3, 1, 1, 2, 1, 2, 2, 1, 1, 2, 2, 0, 2, 2, 2, 1, 1, 1, 2, 2, 2, 2, 1, 2, 2, 2, 2, 2, 2, 2, 2, 2, 2, 1, 2, 2, 2, 2, 1, 1, 1, 1, 1, 1, 1, 1, 1, 2, 1, 1, 2, 1, 1, 1, 2, 2, 2, 2, 2, 1, 2, 3, 2, 2, 1, 2, 1, 1, 3, 2, 0, 2, 3, 3, 3, 1, 1, 1, 1, 3, 4, 2, 2, 2, 2, 2, 3, 3, 2, 2, 2, 2, 1, 2, 2, 2, 1, 2, 2, 2, 2, 2, 2, 2, 2, 2, 2, 2, 2, 2, 2, 2, 2, 2, 3, 2, 2, 2, 1, 3, 2, 2, 3, 2, 2, 2, 1, 2, 1, 1, 1, 1, 1, 1, 1, 0, 1, 1, 1, 1, 1, 1, 1, 0, 1, 1, 1, 1, 1, 1, 1, 1, 0, 1, 1, 1]"
54,random graphs/ratio_d3/r1.5k24n16/graph4.lgbin,2466,143,10,17,"[1, 2, 1, 1, 1, 1, 2, 1, 1, 2, 0, 1, 1, 2, 4, 4, 3, 3, 2, 4, 1, 3, 3, 3, 2, 4, 2, 2, 3, 3, 4, 3, 5, 5, 3, 3, 3, 4, 3, 4, 3, 3, 4, 3, 3, 3, 5, 2, 5, 4, 5, 3, 3, 4, 2, 3, 4, 6, 5, 5, 3, 3, 3, 4, 4, 1, 2, 2, 1, 3, 1, 2, 6, 1, 3, 3, 3, 1, 3, 3, 2, 3, 3, 3, 3, 3, 2, 2, 2, 1, 2, 2, 1, 2, 1, 0, 1, 2, 1, 1, 2, 2, 0, 2, 1, 2, 1, 2, 3, 2, 1, 2, 2, 3, 2, 3, 3, 2, 2, 3, 2, 3, 1, 3, 2, 1, 1, 3, 2, 1, 1, 1, 1, 3, 2, 1, 2, 2, 2, 2, 1, 2, 1, 2, 2, 1, 2, 2, 2, 2, 3, 1, 1, 1, 2, 2, 1, 2, 2, 2, 1, 2, 1, 1, 2, 1, 2, 3, 1, 2, 1, 2, 1, 2, 2, 2, 2, 2, 1, 2, 3, 3, 1, 2, 3, 1, 3, 1, 1, 2, 1, 2, 3, 2, 3, 1, 1, 1, 1, 1, 2, 0, 1, 2, 1, 1, 1, 0, 1, 1, 1, 1, 1, 0, 0, 1, 1, 1, 2, 1, 1, 1, 1, 1, 2, 1, 2, 2, 2, 1, 1, 2, 1, 2, 2, 2, 1, 2, 2, 1, 2, 1, 1, 2, 2, 2, 1, 2, 2, 3, 2, 2, 1, 2, 2, 2, 2, 2, 2, 3, 3, 3, 2, 2, 2, 1, 2, 3, 3, 3, 2, 2, 1, 1, 2, 2, 2, 2, 2, 3, 1, 2, 1, 2, 1, 4, 1, 3, 1, 2, 4, 1, 2, 4, 3, 2, 3, 5, 2, 2, 4, 2, 2, 1, 2, 3, 2, 1, 2, 1, 1, 2, 2, 2, 1, 2, 2, 2, 1, 1, 3, 1, 2, 1, 1, 1, 1, 1, 2, 0, 2, 2, 2, 1, 1, 2, 2, 1, 1, 2, 1, 1, 0, 2, 2, 1, 2, 1, 2, 2, 2, 2, 1, 1, 1, 2, 1, 2, 2, 2, 0, 1, 1]"
55,random graphs/ratio_d3/r1.5k24n16/graph5.lgbin,2466,93,12,16,"[1, 1, 1, 1, 1, 1, 1, 1, 1, 1, 1, 1, 1, 2, 2, 1, 2, 1, 2, 1, 1, 1, 1, 1, 1, 1, 3, 2, 2, 2, 2, 2, 2, 2, 2, 2, 2, 1, 2, 1, 3, 2, 2, 2, 2, 2, 2, 3, 3, 3, 2, 2, 1, 3, 3, 2, 3, 3, 2, 2, 3, 3, 3, 1, 2, 3, 1, 2, 1, 1, 1, 2, 1, 3, 1, 1, 2, 3, 3, 1, 3, 2, 1, 1, 1, 1, 1, 2, 2, 1, 1, 1, 1, 1, 1, 0, 1, 1, 1, 2, 1, 2, 2, 2, 0, 2, 2, 2, 2, 1, 2, 2, 1, 1, 2, 1, 1, 2, 2, 2, 2, 1, 2, 2, 2, 2, 2, 2, 1, 1, 2, 2, 3, 2, 3, 2, 2, 2, 2, 2, 2, 2, 2, 2, 1, 4, 3, 3, 2, 4, 3, 3, 2, 3, 3, 4, 4, 3, 3, 2, 2, 1, 2, 4, 2, 5, 3, 3, 3, 3, 4, 2, 3, 2, 1, 3, 3, 2, 1, 2, 3, 2, 2, 1, 3, 3, 3, 3, 1, 1, 2, 2, 1, 1, 3, 3, 2, 3, 2, 1, 3, 2, 2, 3, 3, 2, 3, 3, 1, 1, 4, 3, 1, 1, 2, 2, 3, 1, 3, 2, 1, 3, 3, 2, 2, 3, 2, 3, 4, 4, 2, 4, 2, 4, 4, 2, 2, 1, 2, 3, 2, 1, 3, 2, 2, 1, 2, 3, 3, 3, 2, 3, 2, 1, 3, 1, 3, 3, 2, 3, 3, 3, 2, 2, 2, 3, 4, 2, 3, 2, 2, 2, 1, 1, 3, 3, 3, 2, 2, 3, 1, 3, 2, 3, 3, 2, 2, 2, 3, 3, 2, 3, 3, 3, 2, 3, 1, 2, 3, 3, 2, 2, 2, 3, 1, 2, 3, 3, 3, 2, 2, 2, 2, 3, 1, 0, 2, 3, 1, 2, 2, 1, 2, 0, 0, 1, 2, 1, 0, 1, 0, 2, 2, 1, 1, 2, 2, 1, 1, 2, 1, 1, 2, 2, 1, 2, 2, 1, 1, 1, 1, 1, 1, 0, 1, 1, 1, 1, 1, 1, 1, 1]"
56,random graphs/ratio_d3/r1.5k24n16/graph6.lgbin,2466,87,8,10,"[1, 1, 0, 1, 1, 0, 1, 0, 1, 1, 1, 0, 1, 0, 1, 1, 1, 1, 1, 1, 1, 1, 1, 1, 1, 1, 1, 1, 1, 1, 1, 1, 1, 1, 1, 1, 1, 1, 0, 1, 1, 1, 1, 1, 1, 1, 1, 1, 1, 0, 2, 2, 1, 2, 2, 3, 3, 3, 3, 2, 0, 1, 2, 2, 1, 1, 2, 2, 2, 2, 1, 2, 1, 1, 1, 0, 1, 0, 0, 2, 2, 1, 1, 1, 1, 1, 1, 1, 1, 1, 2, 1, 2, 1, 2, 2, 2, 2, 2, 1, 2, 2, 2, 2, 0, 0, 1, 1, 2, 2, 1, 1, 1, 1, 1, 1, 1, 1, 2, 1, 1, 0, 1, 0, 1, 1, 1, 1, 1, 0, 1, 1, 1, 1, 1, 2, 0, 1, 1, 1, 1, 1, 1, 1, 1, 0, 1, 1, 2, 2, 1, 2, 2, 1, 1, 1, 2, 1, 1, 1, 2, 1, 1, 1, 2, 2, 1, 1, 2, 1, 2, 2, 2, 2, 1, 2, 1, 1, 2, 1, 1, 1, 2, 1, 2, 1, 1, 1, 1, 2, 2, 1, 2, 1, 2, 3, 3, 3, 3, 3, 2, 4, 3, 2, 3, 3, 3, 4, 3, 4, 3, 2, 2, 2, 2, 2, 2, 2, 2, 2, 2, 2, 3, 2, 2, 2, 1, 2, 1, 2, 2, 1, 2, 2, 1, 1, 1, 2, 2, 1, 1, 2, 1, 1, 1, 2, 1, 1, 1, 2, 1, 1, 2, 1, 1, 2, 1, 2, 1, 1, 2, 2, 1, 1, 2, 2, 2, 2, 1, 2, 1, 1, 1, 1, 1, 1, 1, 1, 1, 1, 1, 1, 1, 1, 1, 1, 1, 1, 1, 1, 1, 1, 1, 0, 1, 0, 1, 1, 1, 1, 1, 1, 1, 1, 1, 1, 1, 1, 1, 1, 2, 1, 1, 2, 2, 2, 2, 2, 2, 2, 2, 2, 2, 2, 2, 1, 2, 1, 2, 2, 2, 2, 1, 1, 1, 1, 1, 1, 1, 1, 1, 1, 1, 1, 0, 1, 1, 1, 1, 1, 1, 1, 1, 1, 1, 1, 1, 1, 1]"
57,random graphs/ratio_d3/r1.5k24n16/graph7.lgbin,2466,92,7,18,"[1, 1, 1, 0, 1, 1, 1, 1, 1, 1, 1, 1, 1, 1, 0, 1, 1, 1, 1, 1, 1, 1, 1, 1, 1, 1, 1, 1, 1, 1, 1, 1, 1, 1, 1, 0, 1, 1, 1, 1, 1, 1, 1, 1, 1, 1, 1, 1, 1, 1, 1, 1, 0, 1, 0, 1, 1, 1, 0, 1, 1, 1, 1, 1, 1, 1, 1, 1, 2, 1, 1, 2, 2, 1, 1, 1, 1, 1, 2, 1, 2, 2, 2, 1, 1, 2, 2, 3, 2, 3, 2, 3, 3, 1, 1, 3, 2, 2, 2, 1, 2, 0, 2, 3, 4, 1, 4, 3, 4, 3, 2, 2, 3, 4, 2, 2, 3, 4, 3, 4, 3, 2, 3, 1, 3, 3, 2, 3, 2, 3, 3, 3, 4, 3, 4, 5, 5, 3, 4, 3, 2, 3, 3, 4, 3, 4, 2, 5, 5, 3, 4, 5, 4, 5, 4, 3, 4, 5, 5, 4, 6, 4, 5, 5, 4, 4, 5, 4, 4, 4, 5, 3, 4, 4, 3, 4, 5, 3, 5, 6, 5, 5, 4, 3, 4, 6, 2, 5, 2, 4, 3, 5, 3, 2, 2, 3, 3, 3, 3, 3, 3, 2, 3, 5, 2, 3, 1, 3, 3, 3, 3, 5, 3, 3, 3, 3, 2, 2, 4, 3, 3, 4, 3, 1, 1, 2, 0, 2, 2, 2, 3, 3, 1, 3, 3, 1, 3, 2, 5, 2, 1, 2, 2, 3, 2, 4, 1, 2, 1, 1, 2, 2, 0, 2, 4, 2, 1, 0, 3, 3, 1, 4, 1, 3, 1, 2, 4, 1, 1, 2, 2, 3, 1, 3, 2, 3, 2, 2, 2, 4, 1, 2, 2, 2, 2, 1, 1, 1, 2, 0, 2, 1, 1, 1, 2, 1, 1, 1, 2, 1, 1, 2, 2, 1, 2, 2, 1, 2, 1, 2, 2, 1, 1, 1, 2, 1, 1, 1, 1, 1, 1, 1, 1, 1, 1, 1, 1, 1, 1, 1, 1, 0, 1, 1, 0, 1, 1, 1, 1, 1, 1, 1, 1, 1, 1, 1, 1, 0, 1, 1, 1, 1, 1, 1, 1, 0, 1, 0, 1, 1]"
58,random graphs/ratio_d3/r1.5k24n16/graph8.lgbin,2466,191,9,14,"[1, 1, 0, 1, 1, 1, 1, 1, 1, 0, 1, 1, 1, 1, 0, 1, 2, 3, 2, 2, 2, 1, 1, 2, 2, 1, 2, 1, 2, 1, 2, 2, 2, 2, 2, 2, 2, 2, 1, 2, 2, 2, 2, 1, 3, 2, 2, 1, 3, 2, 2, 2, 2, 2, 2, 0, 2, 2, 1, 2, 1, 2, 3, 4, 4, 2, 4, 4, 4, 4, 4, 4, 4, 3, 2, 3, 4, 4, 3, 2, 4, 4, 2, 4, 4, 3, 4, 4, 4, 3, 4, 4, 4, 4, 2, 3, 2, 4, 2, 4, 2, 2, 1, 1, 1, 3, 1, 2, 1, 2, 2, 1, 3, 1, 1, 1, 0, 1, 1, 3, 2, 2, 1, 2, 2, 2, 1, 2, 1, 1, 2, 1, 2, 1, 2, 1, 3, 2, 2, 0, 3, 2, 2, 2, 1, 2, 2, 1, 1, 2, 2, 3, 1, 2, 2, 2, 2, 3, 2, 1, 2, 2, 2, 2, 3, 2, 2, 1, 2, 2, 1, 2, 1, 2, 2, 2, 2, 3, 2, 1, 2, 1, 2, 2, 3, 3, 2, 2, 2, 2, 3, 3, 2, 2, 2, 2, 1, 1, 1, 2, 2, 2, 2, 3, 1, 4, 4, 3, 2, 3, 2, 2, 4, 3, 4, 3, 3, 1, 3, 3, 1, 3, 1, 1, 2, 3, 3, 1, 3, 2, 1, 1, 3, 3, 2, 1, 2, 2, 1, 0, 2, 1, 1, 2, 2, 2, 1, 2, 2, 1, 3, 1, 2, 1, 2, 2, 2, 2, 3, 2, 2, 1, 1, 1, 0, 0, 2, 1, 2, 2, 1, 2, 2, 2, 1, 2, 2, 2, 1, 1, 1, 1, 2, 2, 1, 2, 2, 2, 2, 1, 1, 2, 1, 2, 1, 2, 1, 2, 1, 2, 2, 1, 2, 1, 1, 3, 1, 2, 2, 2, 1, 2, 2, 2, 1, 3, 2, 2, 2, 1, 0, 3, 2, 3, 2, 2, 3, 3, 0, 1, 1, 0, 1, 1, 1, 1, 1, 2, 1, 0, 1, 1, 1, 1, 1, 1, 0, 1, 0, 1, 1, 1, 1, 1, 0, 1, 1, 1, 1, 1, 1, 1, 1, 1, 1, 1, 1, 1, 1, 1, 0, 1, 1, 0]"
59,random graphs/ratio_d3/r1.5k24n16/graph9.lgbin,2466,82,13,19,"[1, 1, 1, 1, 1, 1, 1, 1, 1, 1, 1, 1, 1, 1, 1, 1, 1, 1, 1, 1, 1, 1, 1, 0, 1, 1, 2, 2, 1, 2, 2, 3, 2, 2, 1, 2, 1, 2, 3, 2, 2, 2, 2, 2, 2, 3, 3, 1, 3, 1, 2, 2, 2, 2, 3, 2, 2, 4, 3, 4, 4, 3, 2, 4, 3, 3, 4, 3, 3, 3, 2, 3, 4, 3, 4, 3, 3, 3, 4, 2, 4, 3, 3, 4, 2, 4, 4, 3, 3, 3, 3, 3, 4, 3, 4, 2, 3, 3, 4, 4, 3, 3, 3, 2, 4, 4, 4, 4, 4, 2, 4, 3, 2, 2, 3, 3, 3, 3, 4, 3, 3, 2, 3, 3, 4, 3, 2, 3, 2, 3, 2, 3, 2, 3, 3, 2, 4, 2, 2, 3, 3, 3, 3, 1, 3, 2, 3, 1, 2, 3, 3, 2, 3, 2, 2, 4, 1, 3, 2, 3, 3, 3, 4, 1, 3, 2, 2, 3, 3, 4, 1, 3, 3, 1, 2, 4, 3, 1, 3, 3, 2, 1, 2, 2, 2, 2, 3, 1, 2, 2, 2, 2, 3, 2, 2, 2, 2, 1, 2, 2, 3, 3, 4, 2, 2, 3, 3, 3, 1, 3, 2, 4, 1, 3, 3, 3, 2, 2, 3, 3, 2, 1, 3, 0, 4, 2, 1, 3, 2, 4, 1, 3, 3, 3, 4, 3, 3, 4, 5, 3, 3, 2, 4, 2, 1, 3, 2, 2, 1, 3, 4, 1, 3, 3, 2, 3, 4, 3, 2, 2, 3, 3, 3, 4, 3, 3, 1, 2, 3, 2, 1, 1, 2, 3, 3, 0, 3, 0, 1, 2, 2, 1, 3, 3, 3, 1, 0, 1, 1, 1, 1, 3, 3, 4, 2, 2, 2, 2, 4, 2, 2, 2, 3, 4, 2, 1, 4, 3, 3, 3, 3, 3, 3, 3, 3, 2, 4, 4, 3, 4, 3, 2, 1, 1, 1, 1, 1, 1, 2, 1, 1, 1, 0, 3, 2, 3, 2, 0, 1, 1, 1, 1, 1, 1, 1, 1, 1, 0, 1, 1, 1, 1, 1, 1, 1, 1, 1, 1, 1, 0, 1, 0, 1, 1, 1, 1]"
60,random graphs/ratio_d3/r1.5k24n16/graph10.lgbin,2466,62,11,14,"[1, 0, 1, 1, 1, 1, 1, 1, 1, 1, 1, 1, 1, 1, 2, 2, 1, 1, 2, 1, 0, 1, 3, 1, 1, 1, 1, 1, 0, 1, 1, 2, 1, 2, 1, 3, 2, 2, 2, 1, 2, 2, 0, 2, 2, 2, 2, 4, 3, 4, 4, 5, 4, 3, 3, 3, 2, 3, 4, 2, 3, 4, 4, 3, 2, 3, 4, 1, 4, 4, 1, 4, 4, 2, 2, 4, 3, 1, 2, 2, 2, 2, 1, 1, 2, 3, 1, 3, 2, 1, 2, 2, 2, 1, 2, 2, 4, 2, 2, 4, 2, 2, 2, 2, 1, 2, 4, 2, 2, 2, 3, 3, 2, 3, 3, 3, 2, 4, 2, 1, 2, 1, 0, 1, 0, 1, 1, 1, 1, 1, 2, 1, 1, 2, 1, 1, 2, 2, 2, 1, 1, 1, 1, 1, 2, 1, 2, 1, 1, 1, 1, 1, 2, 2, 2, 1, 2, 1, 1, 2, 2, 2, 2, 2, 2, 1, 2, 1, 1, 1, 1, 1, 1, 1, 1, 1, 1, 1, 1, 1, 1, 1, 1, 1, 1, 1, 1, 1, 1, 2, 1, 1, 2, 2, 1, 2, 0, 1, 1, 1, 1, 1, 1, 2, 1, 1, 2, 1, 1, 2, 1, 2, 2, 1, 1, 2, 2, 2, 2, 2, 2, 2, 2, 2, 3, 2, 2, 2, 2, 2, 2, 3, 2, 1, 2, 2, 1, 2, 2, 1, 2, 1, 2, 3, 2, 2, 2, 2, 2, 2, 2, 3, 2, 3, 2, 1, 2, 3, 1, 1, 1, 1, 1, 3, 1, 1, 2, 3, 2, 1, 3, 2, 1, 1, 2, 1, 2, 3, 2, 2, 2, 2, 2, 1, 2, 2, 3, 1, 2, 2, 1, 1, 1, 1, 1, 1, 2, 2, 1, 2, 2, 1, 3, 1, 1, 1, 1, 2, 2, 2, 1, 2, 2, 1, 2, 2, 2, 2, 2, 1, 1, 2, 2, 1, 2, 2, 2, 2, 2, 1, 2, 1, 2, 2, 2, 2, 2, 1, 1, 1, 0, 1, 1, 1, 1, 1, 1, 1, 1, 1, 1, 1, 1, 1, 1, 1, 1, 1, 1, 1, 1, 1]"
61,random graphs/ratio_d3/r1.5k24n16/graph11.lgbin,2466,102,19,27,"[1, 2, 1, 2, 1, 1, 1, 2, 1, 1, 1, 1, 2, 2, 2, 2, 4, 2, 2, 2, 2, 2, 2, 2, 2, 2, 2, 4, 5, 2, 2, 1, 3, 4, 3, 3, 3, 2, 2, 3, 3, 4, 2, 3, 5, 5, 6, 5, 3, 5, 4, 2, 2, 3, 5, 5, 5, 2, 2, 2, 3, 2, 2, 4, 5, 3, 3, 4, 3, 5, 0, 2, 6, 5, 5, 4, 0, 4, 6, 6, 1, 2, 4, 4, 6, 2, 5, 4, 5, 3, 2, 1, 3, 2, 3, 4, 3, 3, 2, 3, 3, 2, 1, 2, 2, 2, 1, 2, 3, 2, 2, 2, 3, 2, 1, 3, 1, 2, 2, 1, 1, 2, 2, 1, 2, 2, 2, 2, 2, 2, 2, 2, 2, 2, 2, 3, 2, 3, 1, 3, 1, 2, 2, 2, 2, 2, 3, 2, 2, 1, 2, 3, 2, 3, 3, 3, 3, 3, 5, 3, 5, 3, 4, 4, 4, 4, 3, 2, 3, 3, 3, 3, 2, 2, 3, 2, 2, 2, 5, 3, 6, 6, 4, 6, 3, 5, 5, 3, 5, 6, 4, 4, 5, 5, 8, 6, 3, 2, 3, 2, 3, 2, 3, 4, 4, 6, 7, 7, 2, 2, 5, 4, 4, 5, 5, 7, 4, 4, 6, 7, 4, 6, 6, 4, 3, 3, 5, 4, 4, 2, 2, 4, 2, 2, 2, 4, 4, 1, 4, 5, 3, 4, 2, 2, 3, 4, 3, 2, 5, 1, 4, 2, 4, 1, 3, 4, 1, 3, 2, 3, 3, 2, 2, 1, 1, 4, 3, 3, 1, 3, 3, 2, 2, 4, 4, 3, 3, 3, 4, 4, 4, 3, 3, 4, 5, 3, 4, 3, 4, 1, 1, 1, 3, 1, 2, 1, 2, 2, 1, 1, 2, 3, 3, 2, 2, 2, 2, 2, 0, 2, 3, 1, 3, 3, 0, 2, 2, 2, 2, 2, 1, 2, 2, 2, 3, 3, 2, 2, 2, 2, 2, 1, 1, 2, 2, 2, 2, 1, 1, 1, 1, 1, 1, 1, 0, 1, 1, 1, 1, 1, 1, 1, 1, 1, 1, 1, 1, 1, 1, 1, 1, 1, 1]"
62,random graphs/ratio_d3/r1.5k24n16/graph12.lgbin,2466,109,11,22,"[1, 0, 1, 1, 1, 1, 1, 1, 1, 1, 1, 1, 2, 2, 1, 1, 2, 0, 2, 2, 2, 2, 2, 2, 1, 2, 2, 2, 2, 2, 1, 2, 2, 2, 2, 2, 2, 2, 1, 0, 2, 2, 2, 2, 1, 2, 2, 2, 2, 2, 1, 2, 2, 2, 4, 2, 2, 1, 2, 2, 3, 2, 1, 2, 3, 3, 4, 0, 3, 2, 1, 2, 0, 1, 1, 1, 1, 2, 1, 3, 1, 2, 1, 1, 1, 1, 3, 2, 1, 0, 1, 2, 1, 2, 1, 1, 0, 1, 0, 2, 1, 1, 2, 2, 2, 2, 2, 3, 3, 2, 0, 3, 1, 2, 2, 2, 2, 2, 2, 1, 4, 2, 2, 1, 1, 2, 2, 3, 1, 2, 0, 3, 1, 2, 2, 3, 3, 1, 3, 2, 2, 2, 3, 2, 2, 3, 3, 3, 3, 4, 3, 3, 2, 2, 3, 2, 2, 2, 4, 3, 4, 3, 1, 2, 3, 2, 3, 4, 5, 3, 3, 2, 2, 3, 3, 5, 1, 3, 2, 2, 2, 3, 4, 3, 2, 3, 3, 3, 2, 3, 2, 3, 1, 1, 2, 1, 3, 3, 2, 2, 3, 3, 3, 3, 5, 2, 3, 3, 1, 3, 3, 1, 3, 4, 3, 3, 3, 5, 3, 3, 3, 3, 4, 2, 2, 3, 4, 5, 3, 3, 3, 3, 3, 1, 4, 1, 3, 2, 3, 3, 3, 3, 4, 4, 4, 4, 5, 1, 2, 3, 3, 3, 4, 2, 2, 4, 4, 4, 4, 3, 5, 4, 3, 3, 5, 4, 3, 4, 4, 2, 3, 4, 4, 3, 3, 3, 4, 4, 4, 2, 2, 3, 4, 2, 3, 1, 2, 1, 1, 3, 2, 5, 2, 2, 2, 2, 1, 3, 3, 3, 2, 3, 3, 3, 3, 4, 4, 4, 4, 3, 2, 3, 3, 3, 2, 1, 2, 1, 3, 3, 3, 2, 2, 3, 1, 3, 2, 3, 1, 2, 1, 3, 1, 3, 2, 2, 1, 2, 3, 2, 1, 1, 3, 3, 3, 1, 2, 1, 2, 1, 2, 2, 1, 1, 1, 2, 1, 1, 1, 1, 1]"
63,random graphs/ratio_d3/r1.5k24n16/graph13.lgbin,2466,69,14,17,"[1, 0, 1, 1, 1, 1, 1, 1, 1, 1, 1, 1, 1, 1, 0, 1, 1, 1, 1, 1, 1, 1, 1, 1, 1, 1, 1, 1, 1, 1, 1, 1, 1, 1, 1, 1, 1, 3, 1, 1, 1, 1, 1, 0, 3, 1, 2, 3, 2, 3, 2, 1, 4, 4, 3, 4, 3, 3, 2, 2, 4, 3, 5, 2, 3, 4, 1, 5, 4, 3, 3, 4, 3, 0, 0, 2, 0, 4, 2, 2, 3, 3, 3, 2, 4, 3, 4, 4, 2, 4, 3, 2, 4, 3, 4, 4, 3, 3, 2, 3, 3, 4, 4, 2, 3, 3, 4, 4, 4, 4, 4, 3, 5, 3, 4, 5, 4, 4, 4, 3, 4, 4, 2, 4, 2, 4, 3, 4, 4, 2, 4, 3, 2, 2, 2, 3, 2, 1, 1, 1, 3, 1, 1, 2, 1, 1, 3, 1, 1, 2, 1, 1, 1, 1, 1, 1, 3, 1, 1, 3, 3, 1, 3, 2, 1, 2, 1, 2, 1, 3, 4, 4, 2, 1, 4, 2, 3, 3, 1, 0, 2, 2, 2, 2, 3, 2, 2, 2, 3, 3, 1, 1, 3, 3, 1, 3, 3, 2, 3, 2, 3, 2, 0, 1, 3, 2, 1, 3, 2, 2, 1, 3, 1, 3, 2, 3, 2, 1, 1, 4, 3, 3, 1, 2, 2, 0, 3, 4, 3, 1, 3, 3, 3, 1, 2, 1, 3, 2, 2, 3, 3, 3, 4, 2, 2, 1, 4, 3, 3, 1, 1, 2, 2, 2, 3, 3, 1, 3, 1, 2, 3, 3, 3, 2, 2, 1, 1, 2, 2, 2, 3, 2, 4, 3, 3, 1, 3, 3, 3, 3, 3, 3, 3, 3, 3, 3, 3, 3, 3, 2, 3, 2, 2, 2, 2, 1, 3, 2, 2, 2, 3, 2, 3, 1, 2, 2, 1, 2, 2, 2, 2, 1, 1, 2, 1, 1, 0, 2, 2, 2, 1, 1, 2, 2, 2, 1, 2, 2, 1, 2, 1, 2, 1, 1, 2, 1, 0, 1, 1, 1, 0, 1, 1, 1, 1, 1, 1, 1, 1, 0, 1, 1, 1, 1, 1, 1, 1, 1, 1, 1, 1, 0, 1]"
64,random graphs/ratio_d3/r1.5k24n16/graph14.lgbin,2466,108,14,18,"[1, 1, 1, 1, 1, 1, 1, 1, 1, 1, 1, 1, 1, 1, 1, 1, 1, 1, 1, 1, 1, 1, 1, 1, 1, 1, 1, 0, 1, 1, 2, 1, 2, 1, 2, 2, 2, 2, 2, 2, 1, 2, 1, 2, 2, 2, 2, 2, 1, 2, 2, 1, 2, 1, 2, 2, 1, 2, 2, 2, 3, 3, 3, 4, 3, 2, 3, 1, 3, 2, 1, 2, 3, 1, 4, 2, 2, 2, 2, 3, 3, 2, 4, 2, 2, 0, 2, 2, 2, 2, 2, 2, 4, 3, 4, 3, 3, 4, 3, 3, 4, 3, 3, 5, 3, 3, 2, 2, 4, 3, 4, 4, 6, 3, 4, 5, 6, 3, 5, 5, 3, 3, 3, 4, 2, 4, 5, 3, 3, 4, 2, 2, 3, 5, 3, 3, 5, 3, 4, 5, 5, 5, 5, 5, 3, 5, 4, 5, 4, 6, 5, 5, 3, 3, 4, 5, 5, 4, 3, 4, 4, 3, 4, 5, 5, 3, 5, 4, 5, 4, 3, 6, 6, 4, 6, 5, 5, 6, 6, 6, 5, 5, 5, 3, 4, 5, 1, 4, 1, 5, 4, 5, 4, 4, 3, 3, 3, 3, 3, 4, 4, 4, 0, 1, 5, 4, 2, 2, 5, 4, 1, 0, 4, 3, 2, 2, 2, 1, 3, 2, 1, 2, 1, 3, 1, 2, 1, 1, 3, 1, 0, 2, 1, 2, 1, 1, 1, 2, 2, 2, 2, 1, 2, 2, 2, 1, 1, 2, 1, 2, 0, 1, 2, 1, 1, 1, 1, 0, 2, 1, 0, 1, 2, 1, 2, 2, 1, 1, 1, 1, 2, 2, 1, 1, 2, 1, 2, 1, 1, 1, 0, 1, 1, 2, 1, 2, 2, 1, 2, 0, 2, 1, 2, 3, 1, 1, 2, 1, 1, 3, 1, 2, 3, 2, 3, 1, 2, 2, 1, 2, 1, 1, 1, 2, 1, 1, 2, 2, 1, 1, 3, 2, 2, 1, 1, 1, 2, 1, 1, 2, 2, 2, 1, 2, 2, 2, 1, 1, 2, 2, 1, 1, 1, 1, 1, 1, 1, 0, 1, 1, 1, 1, 1, 1, 1, 1, 0, 0, 0, 1, 1, 1, 1]"
